rood eid traat,"De taart viel aan stukken, de olie ging over het kleed: niet overal verliep het kerstdiner perfect : 10"
negarv neella ew,Stel dinsdag live je vragen aan Diederik Gommers : 4
gnittavpo eslebjiB ed,Reacties op dood Desmond Tutu: een grootheid die daad bij het woord voegde : 4
po thcadeg nad,"De taart viel aan stukken, de olie ging over het kleed: niet overal verliep het kerstdiner perfect : 10"
njiz jih uN,Steekincident Escharen komt niet uit de lucht vallen: ‘Van de zomer is er ook al een incident geweest’ : 10
ej neb fO,Stel dinsdag live je vragen aan Diederik Gommers : 4
traatuohcnom raah ekeiraM,"De taart viel aan stukken, de olie ging over het kleed: niet overal verliep het kerstdiner perfect : 10"
nenjihcsrev nedrow droowtnaeb,Stel dinsdag live je vragen aan Diederik Gommers : 4
otohpkcotSi / segamI,"De taart viel aan stukken, de olie ging over het kleed: niet overal verliep het kerstdiner perfect : 7"
- diuZ edneketstiu,Reacties op dood Desmond Tutu: een grootheid die daad bij het woord voegde : 4
ed eoh revo,Steekincident Escharen komt niet uit de lucht vallen: ‘Van de zomer is er ook al een incident geweest’ : 10
ni reekguret njiz,Griekse oud-president en verzetsman Papoulias (92) overleden : 6
TMO ( maeT,Stel dinsdag live je vragen aan Diederik Gommers : 4
etsiuj ed tein,"De taart viel aan stukken, de olie ging over het kleed: niet overal verliep het kerstdiner perfect : 8"
rood ez nedreeval,"De taart viel aan stukken, de olie ging over het kleed: niet overal verliep het kerstdiner perfect : 10"
- duo ehcsivreS,Griekse oud-president en verzetsman Papoulias (92) overleden : 6
jih edreesilibom ednoow,Griekse oud-president en verzetsman Papoulias (92) overleden : 6
tsilaiceps sla sremmoG,Stel dinsdag live je vragen aan Diederik Gommers : 4
- . knissiW,Steekincident Escharen komt niet uit de lucht vallen: ‘Van de zomer is er ook al een incident geweest’ : 9
mo djirts ed,Reacties op dood Desmond Tutu: een grootheid die daad bij het woord voegde : 4
regals ed jib,"De taart viel aan stukken, de olie ging over het kleed: niet overal verliep het kerstdiner perfect : 10"
nav geiw ed,Griekse oud-president en verzetsman Papoulias (92) overleden : 6
djitfeel egirajgitnegen po,Reacties op dood Desmond Tutu: een grootheid die daad bij het woord voegde : 4
dil tsilaiceps sla,Stel dinsdag live je vragen aan Diederik Gommers : 4
"ed eid """,Reacties op dood Desmond Tutu: een grootheid die daad bij het woord voegde : 4
ne diehtrapa neget,Reacties op dood Desmond Tutu: een grootheid die daad bij het woord voegde : 4
dnekeb redrev dnots,Griekse oud-president en verzetsman Papoulias (92) overleden : 6
taatluser sla tem,"De taart viel aan stukken, de olie ging over het kleed: niet overal verliep het kerstdiner perfect : 10"
nav naa nekarpstiu,Reacties op dood Desmond Tutu: een grootheid die daad bij het woord voegde : 4
re si nenow,Steekincident Escharen komt niet uit de lucht vallen: ‘Van de zomer is er ook al een incident geweest’ : 8
jiH nerolrev diehtoorg,Reacties op dood Desmond Tutu: een grootheid die daad bij het woord voegde : 4
diuZ djirveb nee,Reacties op dood Desmond Tutu: een grootheid die daad bij het woord voegde : 4
njiw edneressuom ne,"De taart viel aan stukken, de olie ging over het kleed: niet overal verliep het kerstdiner perfect : 10"
ne neraj ed,Griekse oud-president en verzetsman Papoulias (92) overleden : 6
pohcssibstraa gidiuh ne,Reacties op dood Desmond Tutu: een grootheid die daad bij het woord voegde : 4
kned kI‘ daar,Steekincident Escharen komt niet uit de lucht vallen: ‘Van de zomer is er ook al een incident geweest’ : 9
ruu mo ),Stel dinsdag live je vragen aan Diederik Gommers : 4
ybboh reew si,Steekincident Escharen komt niet uit de lucht vallen: ‘Van de zomer is er ook al een incident geweest’ : 9
ni tnedicnikeets nee,Steekincident Escharen komt niet uit de lucht vallen: ‘Van de zomer is er ook al een incident geweest’ : 7
nee ej neB,Steekincident Escharen komt niet uit de lucht vallen: ‘Van de zomer is er ook al een incident geweest’ : 9
sejpahlerrob ed naa,"De taart viel aan stukken, de olie ging over het kleed: niet overal verliep het kerstdiner perfect : 10"
nevjiR noraJ ne,Steekincident Escharen komt niet uit de lucht vallen: ‘Van de zomer is er ook al een incident geweest’ : 10
ki dah eiD,"De taart viel aan stukken, de olie ging over het kleed: niet overal verliep het kerstdiner perfect : 10"
alednaM nosleN ed,Reacties op dood Desmond Tutu: een grootheid die daad bij het woord voegde : 4
taal sejpahlerrob ed,"De taart viel aan stukken, de olie ging over het kleed: niet overal verliep het kerstdiner perfect : 10"
noraJ ne ),Steekincident Escharen komt niet uit de lucht vallen: ‘Van de zomer is er ook al een incident geweest’ : 10
eemre jih fosla,"De taart viel aan stukken, de olie ging over het kleed: niet overal verliep het kerstdiner perfect : 10"
tkaamegdnekeb uoluoporallekaS iniretakiA,Griekse oud-president en verzetsman Papoulias (92) overleden : 6
remoz nepolegfA nellets,Steekincident Escharen komt niet uit de lucht vallen: ‘Van de zomer is er ook al een incident geweest’ : 10
si nosnarB nosnarB,Reacties op dood Desmond Tutu: een grootheid die daad bij het woord voegde : 4
eslebjiB ed naa,Reacties op dood Desmond Tutu: een grootheid die daad bij het woord voegde : 4
asohpamaR liryC tnediserp,Reacties op dood Desmond Tutu: een grootheid die daad bij het woord voegde : 4
neeredei nak epicnirp,Steekincident Escharen komt niet uit de lucht vallen: ‘Van de zomer is er ook al een incident geweest’ : 9
