נמוס נוקית,רגולציה וממשל : 1
"- ת""ה",ראיות אלקטרוניות : 2,סדר דין פלילי : 1
מושיר נתינ,פטנטים : 1
מינוריונ תשר,פטנטים : 1
פקות סנכנ,רגולציה וממשל : 2
עדימ יטרפ,מדיניות הפרטיות : 1
רוכז לטוה,פשעי מחשב : 1,סדר דין פלילי : 1
עדימ הנגה,פייסבוק : 1
שי ?,ראיות אלקטרוניות : 1,דעות : 1
לוכי אל,מדיניות הפרטיות : 2
- טושפ,מדיניות הפרטיות : 1
תכרעמ טנטפ,פטנטים : 2
ביצה nekoT,מדיניות הפרטיות : 1
שחרתה עוריא,פייסבוק : 1
טנטפ תויוכז,פטנטים : 1
וגול שמתשה,זכויות יוצרים : 1
מ קוח,דעות : 1
א לע,פשעי מחשב : 1
רפסומ המוד,רגולציה וממשל : 1
פוסב תוריש,זכויות יוצרים : 1
בורק נושאר,רגולציה וממשל : 1
) פפוקסורג,ראיות אלקטרוניות : 1
נפוא שיגה,פטנטים : 2
דגנתה טפוש,דעות : 1
חתינ נכות,מדיניות הפרטיות : 1
ב ),רגולציה וממשל : 1
הווקמ נפוא,פטנטים : 1
רבק מלוצ,זכויות יוצרים : 1
לוכי פסונב,מדיניות הפרטיות : 1
נמז מליג,רגולציה וממשל : 1
תוירטמויב הדועת,רגולציה וממשל : 1
' ידועס,דעות : 1
לעב מוליצ,זכויות יוצרים : 1
איה קוח,מדיניות הפרטיות : 1
פוסב יאקירמא,פשעי מחשב : 1
העדומ הפוצ,זכויות יוצרים : 1
ניד רפה,פטנטים : 1
דומע רעצמ,זכויות יוצרים : 1
שקיב יטרפ,רגולציה וממשל : 1
עדימ פוסיא,רגולציה וממשל : 1
הנעט דיינ,סדר דין פלילי : 1
ראוני -,סדר דין פלילי : 1
משאנ קית,סדר דין פלילי : 1
דבוע ללכ,פשעי מחשב : 1
) נאכ,רגולציה וממשל : 1
רישכמ ריאשה,ראיות אלקטרוניות : 1
ננש העיבת,פייסבוק : 1
בחרתה כלה,פטנטים : 1
יוצמ נכש,ראיות אלקטרוניות : 1,סדר דין פלילי : 1
חוליש ינפחרב,פטנטים : 1
טפוש תודמעומ,דעות : 1
יטפשמ כילה,מדיניות הפרטיות : 1
הנידמ אצוי,רגולציה וממשל : 1
תויטרפב ירשפא,ראיות אלקטרוניות : 1
עבק עצומ,רגולציה וממשל : 1
( תירבה,רגולציה וממשל : 1,פטנטים : 1
עדימ קלח,מדיניות הפרטיות : 1
נמז ער,פייסבוק : 1
בדנתמ שפיח,זכויות יוצרים : 1
עבות דול,זכויות יוצרים : 1
נגה כלה,מדיניות הפרטיות : 1
"- ב""הרא",פטנטים : 1
תושר השק,ראיות אלקטרוניות : 2
מאפס העיבת,זכויות יוצרים : 1
ככ -,ראיות אלקטרוניות : 1,פטנטים : 1
נוזמא פשח,פטנטים : 1
כוסכס ער,פייסבוק : 1
זעוה תרושקת,פייסבוק : 1
ללכ נוקית,רגולציה וממשל : 1
תודע הייבג,ראיות אלקטרוניות : 1
ילבמ (,רגולציה וממשל : 1
) הווראסמ,ראיות אלקטרוניות : 2
נופלט רישכמ,ראיות אלקטרוניות : 5,סדר דין פלילי : 1
כייש טנטפ,פטנטים : 1
הנגה קוחובש,מדיניות הפרטיות : 1
רקובה מסרפ,דעות : 1
המכסה רתא,זכויות יוצרים : 1
בכרומ יתריצי,פטנטים : 1
עדימ טרפ,מדיניות הפרטיות : 1
מויק רידסה,פטנטים : 1
טושפ רתא,מדיניות הפרטיות : 1
"כ""ח הדעו",רגולציה וממשל : 1
נוכדע ללכ,רגולציה וממשל : 1
הונ יפא,ראיות אלקטרוניות : 3
מוליצ תוכז,פייסבוק : 1,זכויות יוצרים : 1
עבות רצי,זכויות יוצרים : 1
רתא הלעפה,ראיות אלקטרוניות : 1
רתא בשחמ,מדיניות הפרטיות : 2
נעט יאמצע,פייסבוק : 1,זכויות יוצרים : 1
רצע תעב,פייסבוק : 1
נויע הריבע,סדר דין פלילי : 1
בתכ אצמ,דעות : 1
דיחי מא,דעות : 1
רדסה עבק,רגולציה וממשל : 1
ניסח היה,מדיניות הפרטיות : 1
הוונ מדיק,דעות : 1
הביתכ עקר,פייסבוק : 1
מירטמויב נותנ,דעות : 1
רוא יוקיל,דעות : 1
ירוביצ תובישח,פייסבוק : 1
רתיא הנומת,מדיניות הפרטיות : 1
טידרק נתנ,זכויות יוצרים : 1
הדעו נויד,רגולציה וממשל : 1
משאנ T&TA,פשעי מחשב : 1
יפא השרפ,ראיות אלקטרוניות : 1
""" שמתשמ",זכויות יוצרים : 1
מש תוניגה,שדי תרומות : 1
נמז חותפ,פטנטים : 1
הרוה טופיש,מדיניות הפרטיות : 1
תעב העד,מדיניות הפרטיות : 1
העיבת נעט,מדיניות הפרטיות : 1
בריס דיחי,דעות : 1
נמז נפוא,פטנטים : 1
ניינע בחרתה,פטנטים : 1
שקיב תלייח,ראיות אלקטרוניות : 1
ילטיגיד עבטמ,פשעי מחשב : 1,סדר דין פלילי : 1
ינרע ראשנ,פטנטים : 1
( קובסייפב,פייסבוק : 1
- טנטפ,פטנטים : 2
לש ילילפ,ראיות אלקטרוניות : 1
""" המישר",רגולציה וממשל : 1
"רזג ב""הרא",פשעי מחשב : 1
"ש""מהיב הקד",ראיות אלקטרוניות : 1
תשקב עובשה,פשעי מחשב : 1,סדר דין פלילי : 1
בשחמ דירוה,דעות : 1
"דבלב """,דעות : 1
ידכ טרפ,מדיניות הפרטיות : 1
ילבמ לואיס,רגולציה וממשל : 1
כסב ננולתה,פשעי מחשב : 1
האר כרד,דעות : 1
ריהמ הליבח,פטנטים : 1
ענמ ידכ,מדיניות הפרטיות : 1
ריזחה הרוה,ראיות אלקטרוניות : 1
שיגר שיא,רגולציה וממשל : 1
השקב רבסה,פטנטים : 1
תושר העדוה,דעות : 2
יוציר רסאמ,פשעי מחשב : 1
הדועת הקפנה,רגולציה וממשל : 1
פקיה נפד,דעות : 1
וצ תיב,סדר דין פלילי : 1
טנטפ מוחת,פטנטים : 1
לע ררע,ראיות אלקטרוניות : 3,סדר דין פלילי : 3
רסמ העט,מדיניות הפרטיות : 1
דימתיולגב מסרפתה,מדיניות הפרטיות : 1
""" רסמ",רגולציה וממשל : 1
השיג נותנ,פשעי מחשב : 1
DI noisseS,מדיניות הפרטיות : 2
"ת""ה {",ראיות אלקטרוניות : 1
תשר בכרומ,פטנטים : 1
רחא שמתשה,פייסבוק : 1
דומע הלעוה,זכויות יוצרים : 1
דח תוגהנתה,פטנטים : 1
נוחצינ יקסע,פטנטים : 1
בריס הנש,פטנטים : 1
עבש ראב,פשעי מחשב : 1,סדר דין פלילי : 1
- נומגא,דעות : 1
עבתנ דוע,זכויות יוצרים : 1
דוע תרשקת,דעות : 1
שיגה משל,פטנטים : 2
ו רפסומ,רגולציה וממשל : 1
? מינפ,דעות : 1
""" שיא",דעות : 1
העש הארוה,סדר דין פלילי : 1
רפה ',זכויות יוצרים : 1
בשחמ בצוה,מדיניות הפרטיות : 1
"ש""ב יזוחמ",ראיות אלקטרוניות : 1,פשעי מחשב : 3,סדר דין פלילי : 3
הלשממ מוריח,רגולציה וממשל : 1
עציב כות,זכויות יוצרים : 1
סוס מיברב,דעות : 1
לע ססבתהב,רגולציה וממשל : 1,פשעי מחשב : 1
הרידח בשחמ,דעות : 1
) תישיא,מדיניות הפרטיות : 1
הטלחה לומתא,דעות : 1
עדימ מג,רגולציה וממשל : 1
ביבא -,ראיות אלקטרוניות : 1
רוא יגולונכט,פטנטים : 1
תליא בשות,פשעי מחשב : 2,סדר דין פלילי : 1
ינש הליג,זכויות יוצרים : 1
ידי לע,רגולציה וממשל : 1,ראיות אלקטרוניות : 1,פטנטים : 1
הערכה דע,פשעי מחשב : 1,סדר דין פלילי : 1
רסא שקיב,דעות : 1
תכל קיחרה,רגולציה וממשל : 1
לוכי מג,מדיניות הפרטיות : 1
נמז קתונמ,פייסבוק : 1
הייחד הקד,ראיות אלקטרוניות : 1
רחס השרפ,פשעי מחשב : 1
( רבח,פשעי מחשב : 1,סדר דין פלילי : 1
הנש יהלש,פייסבוק : 1
הריבע ננולתה,ראיות אלקטרוניות : 1,סדר דין פלילי : 1
דיקפת הדעו,פייסבוק : 1
הרהצה מסרפ,פטנטים : 1
סנכנ טסוגוא,רגולציה וממשל : 1
נכש סינכה,ראיות אלקטרוניות : 1,סדר דין פלילי : 1
הארוה נקית,סדר דין פלילי : 1
תינכות שי,רגולציה וממשל : 1
עבת ער,פייסבוק : 1
תייגולונכטב שומיש,פייסבוק : 1
תוכז מאפס,זכויות יוצרים : 1
לע רבעוה,רגולציה וממשל : 1
"טנ """,סדר דין פלילי : 1
כרוע פלא,רגולציה וממשל : 1,ראיות אלקטרוניות : 1,פשעי מחשב : 1,סדר דין פלילי : 1,דעות : 1,מדיניות הפרטיות : 1
הלעפה רתא,מדיניות הפרטיות : 1
נוזמא ידי,פטנטים : 1
שקיב ],סדר דין פלילי : 1
ריזחה לע,ראיות אלקטרוניות : 1,סדר דין פלילי : 1
"תוברל """,פייסבוק : 1,זכויות יוצרים : 1
""" """,דעות : 1
מוסרפ דגנתה,דעות : 1
חוויד צראה,דעות : 1
הכשל שאר,ראיות אלקטרוניות : 1,דעות : 1
ספת נופלט,ראיות אלקטרוניות : 1
שגוה 'חאו,ראיות אלקטרוניות : 1,סדר דין פלילי : 1
רישכמ לעב,ראיות אלקטרוניות : 1
תיב לע,פשעי מחשב : 2
- רסמ,מדיניות הפרטיות : 1
פייט סדה,ראיות אלקטרוניות : 1
מוצמצ קוח,דעות : 1
מא הקד,דעות : 1
הנשה erawmosnaR,פשעי מחשב : 1
לע להונ,מדיניות הפרטיות : 1
היה נבומכ,מדיניות הפרטיות : 1
לביק טפושהתורעתסהה,סדר דין פלילי : 1
טלחוה נוחטב,מדיניות הפרטיות : 1
העד לוקיש,מדיניות הפרטיות : 1
'חאו פייט,ראיות אלקטרוניות : 1
לע מוסרפ,דעות : 1
"שיגדה """,רגולציה וממשל : 1
רסאמ שנוע,פשעי מחשב : 3,סדר דין פלילי : 1
עבות מסרפ,פייסבוק : 1,זכויות יוצרים : 1
בוכיע השק,פשעי מחשב : 1,סדר דין פלילי : 1
הטויט רקובה,דעות : 1
רבייס הפקתמ,פשעי מחשב : 1
) הונ,ראיות אלקטרוניות : 1
דעוי DI,מדיניות הפרטיות : 1
רושע חלצ,רגולציה וממשל : 1
מהיתונומת הארתה,פייסבוק : 1
משאנ הרוה,סדר דין פלילי : 1
רבע מינוריונ,פטנטים : 1
ליעפ קסע,רגולציה וממשל : 1
נעט תעבתנ,זכויות יוצרים : 1
ניינק תוכז,זכויות יוצרים : 1
רחסמ כרצ,ראיות אלקטרוניות : 1
קפיס (,פטנטים : 1
אל ],ראיות אלקטרוניות : 1
drocsiD תרש,זכויות יוצרים : 1
רחסמ נמיס,פטנטים : 2
הצובק עבות,פייסבוק : 1
""" אל",דעות : 1
הכה תעד,דעות : 1
רבעוה עסונ,רגולציה וממשל : 1
תלייח תויה,ראיות אלקטרוניות : 1
נוצר נוכנ,מדיניות הפרטיות : 1
הנתה רעצמל,דעות : 1
תרגסמב נתינ,ראיות אלקטרוניות : 1
ניינע מוחת,מדיניות הפרטיות : 1
כלה המגמ,פטנטים : 1
שומיש יאנת,פייסבוק : 1,זכויות יוצרים : 1
רוב נולח,פטנטים : 1
הרבעה תעב,רגולציה וממשל : 1
העדוה לע,פייסבוק : 1
עדימ פסא,מדיניות הפרטיות : 1
ppAstahW העדוה,פייסבוק : 1
תורחתה ניד,פטנטים : 1
רחא היגוע,מדיניות הפרטיות : 1
פסות האלה,מדיניות הפרטיות : 1
נתנ ),דעות : 1
הילע מסרפ,פייסבוק : 1
הטויט תוהז,דעות : 1
ככב עשרוה,פשעי מחשב : 1,סדר דין פלילי : 1
הנומת מובלא,פייסבוק : 1
- לארשי,רגולציה וממשל : 1
נותנ -,דעות : 1
תוניגה נגה,שדי תרומות : 2
המישר סנכוה,רגולציה וממשל : 1
רושק כוסכס,פייסבוק : 1
נימי הירכז,זכויות יוצרים : 1
היאר לע,רגולציה וממשל : 1
ecnerefeR etiS,מדיניות הפרטיות : 1
היה הרבח,פשעי מחשב : 1
- אביש,פשעי מחשב : 1
מסרפתה מוליצ,פייסבוק : 1,זכויות יוצרים : 1
) נאשה'ג,ראיות אלקטרוניות : 1,סדר דין פלילי : 1
תוכז נגומ,ראיות אלקטרוניות : 1,זכויות יוצרים : 1
הנוש השקב,פטנטים : 1
עדימ הריסמ,מדיניות הפרטיות : 3
ול עדימ,פייסבוק : 1
לע לעופב,פשעי מחשב : 2,סדר דין פלילי : 1
החד בריס,פשעי מחשב : 1,סדר דין פלילי : 1
סכלא טפוש,פשעי מחשב : 1,סדר דין פלילי : 1
צנימ תימע,ראיות אלקטרוניות : 2
הנש שנוע,פשעי מחשב : 2,סדר דין פלילי : 1
שדוח שנוע,פשעי מחשב : 1
לע רערע,פשעי מחשב : 1,סדר דין פלילי : 1
הטלחה ניינע,פטנטים : 1
תרוקיב חתמ,פייסבוק : 1
תוכז חיכוה,זכויות יוצרים : 1
הנש רצוא,פשעי מחשב : 1
ללה הלוח,פשעי מחשב : 2
המכסה לביק,רגולציה וממשל : 1
חולשמ כרוצ,פטנטים : 1
"ה'זנרב """,פייסבוק : 2,זכויות יוצרים : 2
ריבעה זא,מדיניות הפרטיות : 1
תורחתה דודיעל,פטנטים : 1
לאכימ ינענצ,דעות : 1
להונ לעפוה,מדיניות הפרטיות : 1
לטינ מיירטמויב,רגולציה וממשל : 1
- לת,ראיות אלקטרוניות : 1
קר אל,פטנטים : 1
העישפב דוחייב,סדר דין פלילי : 1
תיב שגוה,דעות : 1
נמז ילטיגיד,פשעי מחשב : 1,סדר דין פלילי : 1
דחוש לבקמ,פשעי מחשב : 1
תסנכ הקיקח,רגולציה וממשל : 1
בל מות,שדי תרומות : 1
מוליצ מסרפ,זכויות יוצרים : 1
רפסמ פוסיא,דעות : 1
לקה נוקית,פטנטים : 1
מעפ רמא,מדיניות הפרטיות : 1
קפיס קיספה,זכויות יוצרים : 1
נותנ הנומא,דעות : 1
שנוע לש,פשעי מחשב : 1,סדר דין פלילי : 1
לע תרוקיב,פייסבוק : 1
יתלב השיג,מדיניות הפרטיות : 1
""" תרשקת",דעות : 1
הרוה תוכמס,ראיות אלקטרוניות : 1
מש לע,פייסבוק : 1
- מוצמצ,דעות : 1
– תירבה,פשעי מחשב : 1
"טפוש ש""ב",פשעי מחשב : 1
שמתשה המסיס,מדיניות הפרטיות : 1
ררע הטלחה,ראיות אלקטרוניות : 1,סדר דין פלילי : 1
"השרפ ה""חאי",ראיות אלקטרוניות : 1
רתא יטרפ,מדיניות הפרטיות : 1
יוצמ שקיב,ראיות אלקטרוניות : 1
לקש נוילימ,פשעי מחשב : 1,סדר דין פלילי : 1
יושיר להונ,פטנטים : 1
ניול תיב,פשעי מחשב : 1
דגונ אל,דעות : 1
דרשמ מקוה,פייסבוק : 1
הנגה תוביצנ,פייסבוק : 1
לקש ),פייסבוק : 1
נחב תרושקת,פייסבוק : 1
הליע הנש,סדר דין פלילי : 1
ילילפ עשרוה,ראיות אלקטרוניות : 1
מויא מתס,סדר דין פלילי : 1
לדגמ הרבח,זכויות יוצרים : 1
העקשה קסע,פשעי מחשב : 1
מסרפ פקות,רגולציה וממשל : 1
עדומ הקד,זכויות יוצרים : 1
יתריצי הנוכמ,פטנטים : 1
רטונ רתא,מדיניות הפרטיות : 1
עובשה החד,פשעי מחשב : 1,סדר דין פלילי : 1
גוסמ רחא,מדיניות הפרטיות : 1
רסאמ שדוח,פשעי מחשב : 1
פפוקסורג רפוע,ראיות אלקטרוניות : 1
הרבח יתש,רגולציה וממשל : 1
הרבחב העישפב,סדר דין פלילי : 1
רזג לע,פשעי מחשב : 3,סדר דין פלילי : 2
מולש ניד,פייסבוק : 4,זכויות יוצרים : 4
ישילש מוי,פייסבוק : 1
רסמנ בלושמ,פשעי מחשב : 1
הרוזנצ המיסח,פייסבוק : 1
ראש ניב,רגולציה וממשל : 1,דעות : 1
פיסוה ),רגולציה וממשל : 1
היגולונכט טפשמ,דעות : 1
השק הדבוע,ראיות אלקטרוניות : 2,פשעי מחשב : 1,סדר דין פלילי : 2
( ול,מדיניות הפרטיות : 1
מש נעט,דעות : 1
תיצמת },דעות : 1
השקב העדוה,פטנטים : 2
נולח נוגכ,פטנטים : 1
היה רתא,מדיניות הפרטיות : 1
הרקמב רתא,מדיניות הפרטיות : 1
דיינ בשחמ,סדר דין פלילי : 2
ידכ ילכ,רגולציה וממשל : 1
רועיש יוציפ,פטנטים : 1
תובישח ניא,זכויות יוצרים : 1
etiS ssorC,מדיניות הפרטיות : 1
הייריע הקד,זכויות יוצרים : 1
מלוצ לארשי,פייסבוק : 1
נוקית -,רגולציה וממשל : 1
הוורוא חרב,דעות : 1
שבח הדסק,סדר דין פלילי : 1
תודעוויה כרד,ראיות אלקטרוניות : 1
הלשממ ידי,רגולציה וממשל : 1
תרגסמ הנש,פשעי מחשב : 2
דימ מינפ,סדר דין פלילי : 1
חוויד רלוד,פשעי מחשב : 1
ניב שמתשמ,פייסבוק : 1
הבותכ קפיס,מדיניות הפרטיות : 1
קפיס הרבח,פשעי מחשב : 1
ונינדו ניול,פשעי מחשב : 1
נווקמ נותיע,פייסבוק : 1,זכויות יוצרים : 1
תויטנבלר ניב,ראיות אלקטרוניות : 1
תעבג לע,סדר דין פלילי : 1
ונחנאהזחתמ עדימ,מדיניות הפרטיות : 1
קוחובש עדימ,מדיניות הפרטיות : 1
נב תימרכ,פייסבוק : 1
יתש עידוה,רגולציה וממשל : 1
מע פתיש,זכויות יוצרים : 1
חווד מוכס,פשעי מחשב : 1
דוע עובשה,פשעי מחשב : 1
הנוש ביכר,פטנטים : 1
השרפ עקר,דעות : 1
הדסק המלצמ,סדר דין פלילי : 1
אמגוד -,מדיניות הפרטיות : 2
ריבס -,דעות : 1
מדא רישכמ,ראיות אלקטרוניות : 1
הנש הלש,ראיות אלקטרוניות : 1
נתינ פקותל,פטנטים : 1
הייריע קובסייפה,זכויות יוצרים : 1
erawmosnaR הפקתמ,פשעי מחשב : 1
הריד נינב,פייסבוק : 1
( תוהמ,פשעי מחשב : 1
נתנ אל,זכויות יוצרים : 1
תוקמעתה פקיה,דעות : 1
הניחב ),ראיות אלקטרוניות : 1
ליבקמב ניס,רגולציה וממשל : 1
נמז הילע,פייסבוק : 1
elppA שמיש,פטנטים : 1
ככב -,רגולציה וממשל : 1
איצממ משרנ,פטנטים : 1
אל סוס,דעות : 1
ssorC גוס,מדיניות הפרטיות : 1
האיגש אל,מדיניות הפרטיות : 1
ביבס שחרתה,פייסבוק : 1
הרידח רישכמ,ראיות אלקטרוניות : 1,סדר דין פלילי : 1
נעט עבתנ,פייסבוק : 1,זכויות יוצרים : 1
מוסרפ עובש,פייסבוק : 1
קובסייפה פד,זכויות יוצרים : 1
רש ישיא,זכויות יוצרים : 1
לפא קפיס,פטנטים : 1
""" לע",דעות : 1
הירכז טפוש,זכויות יוצרים : 1
רשפא רדסה,רגולציה וממשל : 1
פסונ משאנ,פשעי מחשב : 1
עקפ מג,מדיניות הפרטיות : 1
ספת הרזחה,ראיות אלקטרוניות : 1,סדר דין פלילי : 1
העדוה האר,דעות : 1
מדוק ישדוח,רגולציה וממשל : 1
מוליצ שמתשה,פייסבוק : 1,זכויות יוצרים : 1
לביק שדוח,זכויות יוצרים : 1
שמתשה עבתנ,זכויות יוצרים : 1
נתינ האצמה,פטנטים : 1
אשונ נמז,דעות : 1
ריבעה ;,מדיניות הפרטיות : 1
טפוש מולש,ראיות אלקטרוניות : 1,פייסבוק : 2,זכויות יוצרים : 2
ליטה יפסכ,פשעי מחשב : 1,סדר דין פלילי : 1
ימואל רבייס,פשעי מחשב : 1
זאמ נותנ,דעות : 1
) 'מיגול'ה,מדיניות הפרטיות : 1
אבוה רערע,פשעי מחשב : 1
( וגול,זכויות יוצרים : 1
עגנ קלח,דעות : 1
יטרפ (,מדיניות הפרטיות : 1
עדימ נופלט,ראיות אלקטרוניות : 1
שולש העש,סדר דין פלילי : 1
השירד העיבת,מדיניות הפרטיות : 1
נתמ ),ראיות אלקטרוניות : 1
הארתה נתמ,פטנטים : 1
ינענצ תילגרמ,דעות : 1
צרפ ינטסיקפ,פשעי מחשב : 1
עבתנ תעבות,פייסבוק : 1
הפ -,פטנטים : 1
נימזמ כייש,פייסבוק : 1,זכויות יוצרים : 1
אל קספנ,ראיות אלקטרוניות : 1
""" הרדגה",רגולציה וממשל : 1,דעות : 1
ניינע הטלחה,ראיות אלקטרוניות : 1
הצובק הרבח,זכויות יוצרים : 1
טפוש הקד,דעות : 1
זכרמ יזוחמ,ראיות אלקטרוניות : 2
תוהדזה תכרעמ,פטנטים : 1
הרבח יונמ,פשעי מחשב : 1
ניינע ],ראיות אלקטרוניות : 1,סדר דין פלילי : 1
הפירש רוב,פטנטים : 1
הרקמ בייח,מדיניות הפרטיות : 1
שרופמ המכסה,פייסבוק : 1
דודיעל לעופה,פטנטים : 1
כות ישילש,זכויות יוצרים : 1
לפיט הקוח,רגולציה וממשל : 1
כייש נקויד,פייסבוק : 1,זכויות יוצרים : 1
סינכה דוק,ראיות אלקטרוניות : 1,סדר דין פלילי : 1
"צ""לשאר מולש",פייסבוק : 2
עסונ הנומת,רגולציה וממשל : 1
אמגוד פסות,מדיניות הפרטיות : 1
"- ה""חאי",ראיות אלקטרוניות : 1
חלצ אל,רגולציה וממשל : 1
תורשפא לקש,פייסבוק : 1
"ב""הרא ירוזימ",פטנטים : 1
תרושקת רש,פייסבוק : 1
העיגפ ניב,ראיות אלקטרוניות : 1
עייס דעונ,רגולציה וממשל : 1
שדוח קקחנ,רגולציה וממשל : 1
ידכ בורק,רגולציה וממשל : 1
תעד יוליג,דעות : 1
"מולש ש""מהיב",ראיות אלקטרוניות : 2,פשעי מחשב : 1,סדר דין פלילי : 2
הריסמ רבס,מדיניות הפרטיות : 1
( יקסע,ראיות אלקטרוניות : 1,סדר דין פלילי : 1
ידכ הליחת,מדיניות הפרטיות : 1
עובשה פוסב,פשעי מחשב : 2
אמגוד נותנ,מדיניות הפרטיות : 1
""" היה",רגולציה וממשל : 1
הלוח תיב,פשעי מחשב : 7
קחמ נקית,מדיניות הפרטיות : 1
מסרפ טפשמ,פטנטים : 1
""" עצומ",סדר דין פלילי : 1
לש עובק,זכויות יוצרים : 1
תלעב לודג,זכויות יוצרים : 1
עדי אל,מדיניות הפרטיות : 1
] שדח,סדר דין פלילי : 1
כילהת נורחא,רגולציה וממשל : 1
העד יעוצקמ,דעות : 1
רתיא המשרה,מדיניות הפרטיות : 1
? הונ,ראיות אלקטרוניות : 1
( רצי,זכויות יוצרים : 2
נקות אל,דעות : 1
פרטצה ככב,רגולציה וממשל : 1
הליבח חולשמ,פטנטים : 1
הרבח דבוע,פשעי מחשב : 1
לע דרז,פשעי מחשב : 1,סדר דין פלילי : 1
תווצ קשמ,פטנטים : 1
היצקילפא מייקתה,פשעי מחשב : 1
regdab ycavirP,מדיניות הפרטיות : 1
ילאילחנ רתסא,זכויות יוצרים : 1
כ –,פשעי מחשב : 1
הטיחס -,דעות : 1
הטיסרבינוא מליש,פטנטים : 1
""" תורירגש",רגולציה וממשל : 1
הנחת -,ראיות אלקטרוניות : 1
האנוה הריקח,ראיות אלקטרוניות : 1
טרפ רסמ,מדיניות הפרטיות : 1
יליזרב הלוח,פשעי מחשב : 1
נותיע בתכ,פייסבוק : 1,זכויות יוצרים : 1
הפיכא ילכ,סדר דין פלילי : 1
לומתא נתנ,דעות : 1
עצומ נוקית,רגולציה וממשל : 1,פטנטים : 3,סדר דין פלילי : 1
שקיב ילילפ,סדר דין פלילי : 1
יאשר קובסייפ,פייסבוק : 1
הנש יאשר,מדיניות הפרטיות : 1
מושיר תעבתשקיבש,מדיניות הפרטיות : 1
תושר תשקב,ראיות אלקטרוניות : 1
הנקוה מושיר,דעות : 1
זא רחא,מדיניות הפרטיות : 1
נמז מאתהב,פייסבוק : 1
הטלחה (,ראיות אלקטרוניות : 4,פשעי מחשב : 1,סדר דין פלילי : 4
שגוה משאנ,סדר דין פלילי : 1
רבח כייש,פשעי מחשב : 2,סדר דין פלילי : 1
ינורטקלא הדועת,פטנטים : 1
- תויטרפ,מדיניות הפרטיות : 1
שיגה רוערע,פשעי מחשב : 1,סדר דין פלילי : 1
ניחבה תונקתה,פטנטים : 1
שרד כמסמ,פטנטים : 1
רשק הדבוע,פשעי מחשב : 1
עגפ היגולונכט,פטנטים : 1
נמז דוע,רגולציה וממשל : 1
קוח העצה,רגולציה וממשל : 1,סדר דין פלילי : 2
תווצ צליא,פשעי מחשב : 1
סרטניא לעפ,רגולציה וממשל : 1
) הנוש,פטנטים : 1
רשיא רוגינס,סדר דין פלילי : 1
לע תינימ,ראיות אלקטרוניות : 1
קובסייפה דומע,זכויות יוצרים : 2
הינרופילק יגולונכט,פטנטים : 1
ראת פקות,רגולציה וממשל : 1
ישדוח פקות,רגולציה וממשל : 1
רתא ינכדע,מדיניות הפרטיות : 1
הפועת למנ,רגולציה וממשל : 1
די שי,מדיניות הפרטיות : 1
"ילכ """,רגולציה וממשל : 1
נומיא רבע,פטנטים : 1
טפשמ תושר,דעות : 1
תודמעומ הרואכל,דעות : 1
לע העשרה,פשעי מחשב : 2,סדר דין פלילי : 2
נאכ יוצמ,רגולציה וממשל : 1,דעות : 1
""" נומושייה",פשעי מחשב : 1
caM daPi,פטנטים : 1
הרדח מולש,זכויות יוצרים : 1
נויד מויס,סדר דין פלילי : 1
"אל """,דעות : 2
עריא הפי,פשעי מחשב : 1
מולשת רסאמ,פשעי מחשב : 1,סדר דין פלילי : 1
רזעילא נב,פייסבוק : 1
ניד היה,ראיות אלקטרוניות : 1,סדר דין פלילי : 1
) לדגמ,זכויות יוצרים : 1
שאר דיינ,דעות : 1
קוח ל,רגולציה וממשל : 1
קוח קספנ,זכויות יוצרים : 1
נתינ ניד,ראיות אלקטרוניות : 1
שומימ הרומת,דעות : 1
לע תישיא,מדיניות הפרטיות : 1
ידדצ -,פטנטים : 1
"טפוש צ""לשאר",פייסבוק : 2
כמסמ השגה,פטנטים : 2
פוסיא רומח,דעות : 1
מוחת הנשמ,פטנטים : 1
כרד היסור,ראיות אלקטרוניות : 1
תיב רישכמ,ראיות אלקטרוניות : 1
לובג גישה,סדר דין פלילי : 1
תוצרא קנב,פשעי מחשב : 1
עבות הקד,זכויות יוצרים : 1
? יטרפ,דעות : 1
טלב רבד,דעות : 1
תע תע,מדיניות הפרטיות : 1
תופתתתשהב משאנ,סדר דין פלילי : 1
חנומ פסוא,דעות : 1
רוערע הערכה,פשעי מחשב : 2,סדר דין פלילי : 2
- כ,רגולציה וממשל : 1,פשעי מחשב : 2
הסינכ קוח,רגולציה וממשל : 1
הקד תוחפ,רגולציה וממשל : 4,ראיות אלקטרוניות : 1,פשעי מחשב : 4,פייסבוק : 1,פטנטים : 7,סדר דין פלילי : 1,זכויות יוצרים : 1
ספוט הנפ,מדיניות הפרטיות : 1
העדוה ),רגולציה וממשל : 1
לארשי הרטשמ,פייסבוק : 1
טנטפ נחב,פטנטים : 1
ריזחה שי,ראיות אלקטרוניות : 2
"נוילע ש""מהיב",ראיות אלקטרוניות : 4,פשעי מחשב : 1,סדר דין פלילי : 2
הצובק סנוא,ראיות אלקטרוניות : 1,סדר דין פלילי : 1
שמתשה שיא,רגולציה וממשל : 1
פשחנ רשק,דעות : 1
בישה שי,ראיות אלקטרוניות : 1
בושיי ימוקמ,פייסבוק : 1
היחנה הטויט,רגולציה וממשל : 1,דעות : 1
( קובסייפ,פייסבוק : 1
"""תיברעה הרבחב",סדר דין פלילי : 1
נויד מויק,פטנטים : 1
יתרקוי דיקפת,דעות : 1
'דלונ בכוכ'ל,דעות : 1
תכרעמ ינורטקלא,פטנטים : 1
זאד (,זכויות יוצרים : 1
. מג,רגולציה וממשל : 1,ראיות אלקטרוניות : 1,פשעי מחשב : 1,פייסבוק : 1,פטנטים : 1,סדר דין פלילי : 1,זכויות יוצרים : 1,דעות : 1,מדיניות הפרטיות : 1
טפשמ רש,פייסבוק : 1
רתא צרפ,דעות : 1
רבק מחתמ,זכויות יוצרים : 1
רוויד המישר,מדיניות הפרטיות : 1
דבע נכות,פשעי מחשב : 1
צראה מוסרפ,דעות : 1
עקר נגד,פייסבוק : 1
נוקית מויה,רגולציה וממשל : 1
יאקירמא רחסמ,רגולציה וממשל : 1
מוקימ נותנ,ראיות אלקטרוניות : 2,דעות : 1
דעונ תישיא,מדיניות הפרטיות : 1
נורחא רושע,רגולציה וממשל : 1
ותס חנומ,דעות : 1
תכרעמ כמסמ,פטנטים : 2
המישר פסונ,רגולציה וממשל : 1
"תאזו ש""ב",פשעי מחשב : 1,סדר דין פלילי : 1
מרוג הלעפה,מדיניות הפרטיות : 1
ככ ניפצה,מדיניות הפרטיות : 1
רוא ינודז,פשעי מחשב : 1
השורג תיב,ראיות אלקטרוניות : 1
עובש הקד,פייסבוק : 1
dtL eugaeL,דעות : 1
- קספ,ראיות אלקטרוניות : 2,פשעי מחשב : 1,פייסבוק : 4,זכויות יוצרים : 6
נחב דיקפת,פייסבוק : 1
לדגמ 'הנווכ'ל,זכויות יוצרים : 1
"רבד """,פייסבוק : 1,זכויות יוצרים : 1
הנושארל שרדנ,ראיות אלקטרוניות : 1
תומימע ותס,דעות : 1
ניינע העידי,מדיניות הפרטיות : 1
ינענצ הזח,דעות : 1
יעוצקמ הרשכה,דעות : 1
הקחתה מיבאשמ,זכויות יוצרים : 1
קר שי,דעות : 1
עישרה תליא,פשעי מחשב : 1,סדר דין פלילי : 1
בשחמ מכח,ראיות אלקטרוניות : 1,סדר דין פלילי : 1
יזוחמ טפשמ,פשעי מחשב : 3,סדר דין פלילי : 2
תישיא ההיז,מדיניות הפרטיות : 3
מקוה הדעוהטרפב,פייסבוק : 1
– הנשה,פשעי מחשב : 1
חתפ הנמ,סדר דין פלילי : 1
רש הדעו,רגולציה וממשל : 2
השקב מש,דעות : 1
טסוגוא שדוח,רגולציה וממשל : 1
שיא עדימ,רגולציה וממשל : 4,פייסבוק : 1,דעות : 1
רבייס עוריא,רגולציה וממשל : 1
עדימ המכסה,רגולציה וממשל : 1
צוחנ עדימ,מדיניות הפרטיות : 1
שיא רוזא,מדיניות הפרטיות : 1
נכות רטונ,מדיניות הפרטיות : 1
כלה עייס,מדיניות הפרטיות : 1
רסמנ דוע,פשעי מחשב : 1
) ויתס,פייסבוק : 1
לביק לוכי,מדיניות הפרטיות : 1
הלש דיינ,ראיות אלקטרוניות : 1
הצעומ תוריחב,פייסבוק : 1
מסרפ מינכרצ,פטנטים : 1
רדס הדוקפ,סדר דין פלילי : 1
נפדפד אמגוד,מדיניות הפרטיות : 1
ללכב יתרבח,פייסבוק : 1
אל רתוה,דעות : 1
תוינידמ הארוה,מדיניות הפרטיות : 1
נוכנ וצ,ראיות אלקטרוניות : 1
ילטיגיד הנומת,פייסבוק : 1
רחסמ דרשמ,רגולציה וממשל : 1
הפיח מולש,ראיות אלקטרוניות : 1,סדר דין פלילי : 1
מסרפ הנש,זכויות יוצרים : 1
oediV -,ראיות אלקטרוניות : 1
) ונינדו,פשעי מחשב : 1
עובשה פשחנ,רגולציה וממשל : 1
לע רתי,מדיניות הפרטיות : 1
תעבות הקד,פייסבוק : 1
תונמא פסוא,זכויות יוצרים : 1
תולהנתה נחב,פייסבוק : 1
חרב אל,דעות : 1
חנומ קוח,רגולציה וממשל : 1
להונ הינרופילק,פטנטים : 1
תוכז רחא,זכויות יוצרים : 1
האירק תורמל,דעות : 1
מוי עריא,פשעי מחשב : 1
עדימ החטבא,מדיניות הפרטיות : 1
יאשר ונחנאהזחתמ,מדיניות הפרטיות : 1
[ דול,ראיות אלקטרוניות : 2
מוכס רסמנ,פשעי מחשב : 1
הערכה ],פשעי מחשב : 1,סדר דין פלילי : 1
הרפה נעט,פייסבוק : 1,זכויות יוצרים : 2
ה (,פטנטים : 1
רסאמ תוריש,פשעי מחשב : 1
שכר וגול,זכויות יוצרים : 1
טפוש הפיח,ראיות אלקטרוניות : 1,סדר דין פלילי : 1
נמז חתפנ,ראיות אלקטרוניות : 1,סדר דין פלילי : 1
תורחת מיווהמו,פטנטים : 1
רעצמל רסא,דעות : 1
ישיא קובסייפה,זכויות יוצרים : 1
אל דוע,מדיניות הפרטיות : 1
הנפ נוצר,מדיניות הפרטיות : 1
העיבק (,רגולציה וממשל : 1
היאר הגשה,סדר דין פלילי : 1
אל זאמ,דעות : 1
נמז צמוא,דעות : 1
רחוס נכרצ,פשעי מחשב : 1
עבות הייפצ,פייסבוק : 1
""" ה'זנרב",פייסבוק : 1,זכויות יוצרים : 1
הלמ תישיא,מדיניות הפרטיות : 1
רמש ),מדיניות הפרטיות : 1
השגה תכרעמ,פטנטים : 2
יזוחמ ניד,פשעי מחשב : 1,זכויות יוצרים : 1
אל קוח,דעות : 1
iW בבש,פטנטים : 1
זכרמ דבוע,פשעי מחשב : 1
לע הרו,ראיות אלקטרוניות : 1,סדר דין פלילי : 1
יערד הירא,זכויות יוצרים : 1
רש עידוה,פייסבוק : 1
הנש חול,זכויות יוצרים : 1
; -,ראיות אלקטרוניות : 1,סדר דין פלילי : 1
תולעפתה ררוע,דעות : 1
שמתשמ רשפא,פייסבוק : 1
- הלמר,זכויות יוצרים : 1
ותונפב שיגדה,רגולציה וממשל : 1
מג פרטצה,רגולציה וממשל : 1,ראיות אלקטרוניות : 1,פשעי מחשב : 1,פייסבוק : 1,פטנטים : 1,סדר דין פלילי : 1,זכויות יוצרים : 1,דעות : 1,מדיניות הפרטיות : 1
תודע העימש,פטנטים : 1
תישיא ההוזמ,מדיניות הפרטיות : 1
דוביע הקדצה,פייסבוק : 1
רומח יאנת,דעות : 1
תושר נווקמ,פטנטים : 1
- iW,פטנטים : 1
ביבס ררועתה,דעות : 1
הבינג החכוה,פשעי מחשב : 1,סדר דין פלילי : 1
הריסמ תעב,מדיניות הפרטיות : 1
ההיז DI,מדיניות הפרטיות : 1
נכדע נמיהמ,רגולציה וממשל : 1,ראיות אלקטרוניות : 1,פשעי מחשב : 1,פייסבוק : 1,פטנטים : 1,סדר דין פלילי : 1,זכויות יוצרים : 1,דעות : 1,מדיניות הפרטיות : 1
שגוה שקיב,ראיות אלקטרוניות : 1
לארשי מג,פייסבוק : 1
קובסייפ הקד,פייסבוק : 1
רשיא הקיקח,רגולציה וממשל : 1
רתוה עבק,דעות : 1
ככ העדומ,זכויות יוצרים : 1
עיצה מוליצ,זכויות יוצרים : 1
הבוגת הקד,פייסבוק : 1
רפיס טוביבורג,זכויות יוצרים : 1
תושר השקב,ראיות אלקטרוניות : 1,פטנטים : 1
סיסב בנג,דעות : 1
עבותל ניד,זכויות יוצרים : 1
' משאנ,סדר דין פלילי : 1
שקיב היחנה,דעות : 1
שקיב רלולסה,ראיות אלקטרוניות : 2
נד דנלריא,פייסבוק : 1
שאר נופלט,ראיות אלקטרוניות : 1
חרב רבכ,דעות : 1
נעט תשמתשמהדקוממ,פייסבוק : 1
מיקה לדנ,פייסבוק : 1
רומא מיעצמא,רגולציה וממשל : 1
תיב יליזרב,פשעי מחשב : 1
העדוה רוא,דעות : 1
בשחמ הנפ,מדיניות הפרטיות : 1
נייט סכלא,פשעי מחשב : 1,סדר דין פלילי : 1
ללוכ עדימ,דעות : 1
לארשי הסינכ,רגולציה וממשל : 1
) פייט,ראיות אלקטרוניות : 1
מ רתויב,פשעי מחשב : 1
"הדוה """,פשעי מחשב : 1
נמז תוכז,זכויות יוצרים : 1
מוי נד,רגולציה וממשל : 1
לע הטוב,פייסבוק : 1
הלועפ רידסה,רגולציה וממשל : 1
קובסייפ הרוזנצ,פייסבוק : 1
נויד ניב,פטנטים : 1
מסרפתה הטויט,דעות : 1
נכ שיא,רגולציה וממשל : 1
תודבועה ),ראיות אלקטרוניות : 1,סדר דין פלילי : 1,זכויות יוצרים : 2
ליטה תורשפא,פייסבוק : 1
ללכ אל,דעות : 1
מליג לע,רגולציה וממשל : 1
דצ קסע,זכויות יוצרים : 1
יקסע לבגה,פטנטים : 1
רטוש כמסומ,סדר דין פלילי : 1
'חאו ררוע,ראיות אלקטרוניות : 1,סדר דין פלילי : 1
כשמ שומיש,זכויות יוצרים : 1
עבטמ פלא,פשעי מחשב : 2,סדר דין פלילי : 1
חונעיפה תלוכי,סדר דין פלילי : 1
עוריא קסע,רגולציה וממשל : 1
ppAstahW נורסמ,פייסבוק : 1
הנש הנוי,פטנטים : 1
תג -,סדר דין פלילי : 1
הרבח עייס,רגולציה וממשל : 1
חוקל לדגמ,זכויות יוצרים : 1
עוריא מוסרפ,פייסבוק : 1
נמז ככ,ראיות אלקטרוניות : 1
דוחייב רומח,סדר דין פלילי : 1
תוביצנ הקד,פטנטים : 1
רזחוה ררוע,ראיות אלקטרוניות : 1,סדר דין פלילי : 1
נותנ יוליג,ראיות אלקטרוניות : 2
- יתלב,מדיניות הפרטיות : 2
) הליהק,זכויות יוצרים : 1
היגועה רתא,מדיניות הפרטיות : 1
""" נווקמ",פייסבוק : 1,זכויות יוצרים : 1
ריווא מוליצ,זכויות יוצרים : 1
ול סחוי,פשעי מחשב : 1
""" קובסייפה",פייסבוק : 1,זכויות יוצרים : 1
הייפצ מש,פייסבוק : 1
חותפ רתונ,פטנטים : 1
הדימ יואר,דעות : 1
הריסמ הרקמ,מדיניות הפרטיות : 1
ינודז תינכת,פשעי מחשב : 1
פצר רמש,מדיניות הפרטיות : 1
הגשה חונעיפה,סדר דין פלילי : 1
תוכמס מייק,ראיות אלקטרוניות : 1
( טנרטניא,דעות : 1
( רש,זכויות יוצרים : 1
לע הרוה,ראיות אלקטרוניות : 1
דוק רסמ,ראיות אלקטרוניות : 1,סדר דין פלילי : 1
פוג המישר,רגולציה וממשל : 1
ידועס רקאה,דעות : 1
כמסמ ללכ,פטנטים : 1
[ ),סדר דין פלילי : 1
הנש רסאמ,פשעי מחשב : 1
דוע הקשוה,פייסבוק : 1
קיספה עידוה,זכויות יוצרים : 1
שכר אל,זכויות יוצרים : 1
בחרנ פקיה,ראיות אלקטרוניות : 1
רד ידע,זכויות יוצרים : 1
מכח נופלט,ראיות אלקטרוניות : 1,סדר דין פלילי : 1
) תימע,ראיות אלקטרוניות : 1,סדר דין פלילי : 1
רשק לצינ,פשעי מחשב : 1
הנומת תולקב,פייסבוק : 1
הארנ רוסא,דעות : 1
""" ינורטקלא",דעות : 1
נועדג טפשמ,רגולציה וממשל : 1,פייסבוק : 1
נותנ מוקימ,דעות : 1
כרוצ שי,רגולציה וממשל : 1
בישה (,ראיות אלקטרוניות : 2
תשקב תרגסמב,ראיות אלקטרוניות : 1
עדימ דוביע,פייסבוק : 2,פטנטים : 1
ילכלכ בצמ,דעות : 1
ול בשחמ,מדיניות הפרטיות : 1
הניש בשחוממ,פשעי מחשב : 1
רפסמ יארשא,דעות : 1
"( ח""ש",זכויות יוצרים : 1
לעפ אל,פייסבוק : 1
קוח הסינכ,רגולציה וממשל : 1
מיעצמא קפוה,רגולציה וממשל : 1
רצוא דרשמ,פשעי מחשב : 2
"עדימ """,רגולציה וממשל : 1,דעות : 4
נמז יתונמא,זכויות יוצרים : 1
( נוג,דעות : 1
ללכ משיי,מדיניות הפרטיות : 1
הפוקת נויד,רגולציה וממשל : 1
אביש הלוח,פשעי מחשב : 1
נוקית הסינכ,פטנטים : 2
נופלט שארמ,ראיות אלקטרוניות : 1,סדר דין פלילי : 1
נתמ בישמ,ראיות אלקטרוניות : 1
שי רגאמ,דעות : 1
רבעמ תוריהזב,דעות : 1
"ב""הרא טפשמ",פשעי מחשב : 1
מג הא,מדיניות הפרטיות : 1
"כרד """,דעות : 1
ול איצממ,פטנטים : 1
הארתה רוויד,מדיניות הפרטיות : 1
רז חרזא,רגולציה וממשל : 2
עבות הדבוע,פייסבוק : 2,זכויות יוצרים : 2
הרקמב וליפא,מדיניות הפרטיות : 1
תיב עבשוה,פטנטים : 1
עייס ידכ,פשעי מחשב : 1
קוח הנקוה,דעות : 1
מייפרגוטפירק עבטמ,פשעי מחשב : 3,סדר דין פלילי : 2
) nigol,מדיניות הפרטיות : 1
עבטמ העקשה,פשעי מחשב : 1
מג פרוצ,רגולציה וממשל : 1
) ינולפ,ראיות אלקטרוניות : 1
ליכה עדימ,דעות : 1
רישכמ הסיפת,ראיות אלקטרוניות : 1,סדר דין פלילי : 1
הקיסומ נגינ,זכויות יוצרים : 1
; ני,מדיניות הפרטיות : 1
עבק שקיב,דעות : 1
עדימ סיסב,דעות : 1
בצוה אל,מדיניות הפרטיות : 1
רסאמ הנש,פשעי מחשב : 3,סדר דין פלילי : 2
סנק דרז,פשעי מחשב : 1
תנגוה אל,פטנטים : 1
מגדמ רחסמ,פטנטים : 1
יעוצקמ מליצ,זכויות יוצרים : 1
נסחא בשחמברתאה,מדיניות הפרטיות : 1
הירטסוא שמתשה,פייסבוק : 1
ניבה מושיר,פטנטים : 1
רתוה נוכנ,דעות : 1
נמז נכתנ,ראיות אלקטרוניות : 1
{ די,ראיות אלקטרוניות : 1
בוב שמתשה,מדיניות הפרטיות : 1
קספ (,ראיות אלקטרוניות : 1,פשעי מחשב : 1,פייסבוק : 4,זכויות יוצרים : 6
עבטמ הבינג,פשעי מחשב : 2,סדר דין פלילי : 2
תוכז קוח,זכויות יוצרים : 1
יתוכאלמ ש,פטנטים : 1
"נמז ל""אוד",פייסבוק : 1
נתמ כרוצ,פטנטים : 1
נמז רפיס,זכויות יוצרים : 1
תרושקת נותנ,דעות : 1
יללכ נומיא,פטנטים : 1
גוס תופקתמ,מדיניות הפרטיות : 1
תולהנתה לע,פייסבוק : 1
ניב עדימ,ראיות אלקטרוניות : 1
) נובנ,זכויות יוצרים : 1
ורפה ),פטנטים : 1
רערע לע,פשעי מחשב : 1,סדר דין פלילי : 1
רבכש (,פייסבוק : 1
יתלשממ רתא,פטנטים : 1
- תיירק,סדר דין פלילי : 1
ררועתה ניינע,דעות : 1
קלח (,זכויות יוצרים : 1
תעבתשקיבש תוריש,מדיניות הפרטיות : 1
יולת איה,מדיניות הפרטיות : 1
הנש עבות,פייסבוק : 1
הליחת רשוא,פטנטים : 1
נחב בריס,פטנטים : 1
שומיש טרופס,דעות : 1
רשקב פסונ,פשעי מחשב : 1
הרזחב לביק,מדיניות הפרטיות : 1
פקת הסינ,פשעי מחשב : 1
לע נגה,מדיניות הפרטיות : 1
נעט ראש,דעות : 1
נכ חוקל,זכויות יוצרים : 1
נמז היחנה,רגולציה וממשל : 1
) לחר,זכויות יוצרים : 1
יאנת מכסה,פייסבוק : 1
רגאמ לע,רגולציה וממשל : 1
פיעס אמגוד,דעות : 1
הצובק רבח,מדיניות הפרטיות : 1
הקפנה עדימ,רגולציה וממשל : 1
עדימ רסמ,מדיניות הפרטיות : 1
] [,רגולציה וממשל : 1,סדר דין פלילי : 1
הדבוע הקד,פשעי מחשב : 1
mocdaorB -,פטנטים : 1
טנרטניא ינטלומיס,דעות : 1
רוזא רמש,מדיניות הפרטיות : 1
לעב ניא,דעות : 1
[ יתלשממ,רגולציה וממשל : 1,סדר דין פלילי : 1
האר ככ,מדיניות הפרטיות : 1
רתא תוליעפ,מדיניות הפרטיות : 1
נפוא יאשר,פייסבוק : 1
"ה""חאי ספת",ראיות אלקטרוניות : 1
יקסע בשחמ,ראיות אלקטרוניות : 1,סדר דין פלילי : 1
הארוה נכ,רגולציה וממשל : 1
מליצ אל,פייסבוק : 1,זכויות יוצרים : 1
רצוי תוכז,זכויות יוצרים : 1
'ידועסה רקאהה'ש,דעות : 1
נמז רסאמ,פשעי מחשב : 1
ילכ הרטשמ,סדר דין פלילי : 1
שיגה היה,פטנטים : 2
נויד מייק,רגולציה וממשל : 1
'הנווכ'ל תובישח,זכויות יוצרים : 1
נוזמ זרא,פטנטים : 1
לעב קינעה,זכויות יוצרים : 1
"ב""הרא רחסמ",פטנטים : 1
רזחש לוכי,מדיניות הפרטיות : 1
הנעט עבת,פייסבוק : 1
ינטלומיס הרבע,דעות : 1
ינורטקלא רחסמ,דעות : 1
הסיפת ),ראיות אלקטרוניות : 1,סדר דין פלילי : 1
חסונ [,סדר דין פלילי : 1
עבק רתי,רגולציה וממשל : 1
ללוכ מושיא,ראיות אלקטרוניות : 1,סדר דין פלילי : 1
לע עבתנ,פייסבוק : 1
כמסמ הקד,רגולציה וממשל : 1
FRSC גוסמ,מדיניות הפרטיות : 1
רגאמ לעב,דעות : 1
טפשמ [,רגולציה וממשל : 1
המוד נוקית,רגולציה וממשל : 1
סנכנ עדימ,רגולציה וממשל : 1
לע דמל,פייסבוק : 1
) זאד,זכויות יוצרים : 1
מולש הטלחה,ראיות אלקטרוניות : 1,סדר דין פלילי : 1
רגאמ יטרפ,דעות : 1
תינכת לעופ,פשעי מחשב : 1
לומתא קספ,ראיות אלקטרוניות : 1
רתומ נגוה,דעות : 1
רסמ יטרפ,רגולציה וממשל : 1
עצמא שומיש,רגולציה וממשל : 1
"הטלחהה"" תנגוה",פטנטים : 1
רערע ול,פשעי מחשב : 1
פקותל עצומ,פטנטים : 1
קספנ עבותל,זכויות יוצרים : 1
'חאו ינולפ,דעות : 1
תכרעמ השיג,פשעי מחשב : 1
יאופר תווצ,פשעי מחשב : 1
מייק הדעו,רגולציה וממשל : 1
לע הנגה,רגולציה וממשל : 2
פד עדומ,זכויות יוצרים : 1
ל הנש,פטנטים : 1
נמז הנש,פטנטים : 1
ב לוטיפקה,סדר דין פלילי : 1
טפוש הרדח,זכויות יוצרים : 1
ניב רשק,פשעי מחשב : 1
הרדגה ללכ,דעות : 1
רזחוש לעב,ראיות אלקטרוניות : 1
רתא לופיט,רגולציה וממשל : 1
משאנ השקב,דעות : 1
% -,פשעי מחשב : 1
חרזא רצע,פייסבוק : 1
יצוביק מכסה,דעות : 1
תולהנתה ניינע,פייסבוק : 1
הלבק מש,ראיות אלקטרוניות : 1
תובישח תלעב,פייסבוק : 1
תליא מולש,פשעי מחשב : 1
די הוונ,ראיות אלקטרוניות : 1
ניב שקיב,רגולציה וממשל : 1
הפקתמ מלוש,פשעי מחשב : 1
לחר רבק,זכויות יוצרים : 2
תיב תכרעמ,פשעי מחשב : 1
היגוע משיי,מדיניות הפרטיות : 1
הבותכ לג,דעות : 1
הלמר מולש,זכויות יוצרים : 1
"ש""מהיב קית",סדר דין פלילי : 1
הארוה תע,מדיניות הפרטיות : 1
ירסומ תוכז,זכויות יוצרים : 1
נמיהמ טפשמ,רגולציה וממשל : 1,ראיות אלקטרוניות : 1,פשעי מחשב : 1,פייסבוק : 1,פטנטים : 1,סדר דין פלילי : 1,זכויות יוצרים : 1,דעות : 1,מדיניות הפרטיות : 1
תרשקת כרד,דעות : 2
ניינעל הארוה,רגולציה וממשל : 1
ככ הנש,פשעי מחשב : 1
חינה הכירצ,ראיות אלקטרוניות : 1,סדר דין פלילי : 1
הרבח יפסכ,זכויות יוצרים : 1
העצה הקד,רגולציה וממשל : 1
טנטפ השקב,פטנטים : 1
רפה תרצות,פטנטים : 1
סרפ אל,שדי תרומות : 1
נד טפשמ,ראיות אלקטרוניות : 1
הרבח ידדצ,פטנטים : 1
הבינג הלווע,זכויות יוצרים : 1
העט אל,מדיניות הפרטיות : 1
רויצ בוליש,זכויות יוצרים : 1
יטרפ תוינידמ,מדיניות הפרטיות : 3
יתרטשמ תומילא,פייסבוק : 1
נויד בירק,רגולציה וממשל : 1
קובסייפ יטרפ,פייסבוק : 1
שמתשה דדוע,מדיניות הפרטיות : 1
עגפנ שקיב,סדר דין פלילי : 1
חטבא קוח,רגולציה וממשל : 1
- ),סדר דין פלילי : 1
רצי תוכז,ראיות אלקטרוניות : 1,פייסבוק : 1,זכויות יוצרים : 8
רלוד דראילימ,פטנטים : 1
להינ חא,זכויות יוצרים : 1
בשחמ רשיא,סדר דין פלילי : 1
תעבתנ רתא,זכויות יוצרים : 1
לע הרפוכה,פשעי מחשב : 1
נמז פיעס,דעות : 1
השקב ],ראיות אלקטרוניות : 1,סדר דין פלילי : 1
רשק לע,דעות : 1
מתס הפיקת,סדר דין פלילי : 1
ימואל סרטניא,רגולציה וממשל : 1
נכרצ ניב,פשעי מחשב : 1
תוכמס פיסוה,רגולציה וממשל : 1
רוביצ הרעה,פטנטים : 1
אל הקד,סדר דין פלילי : 1
זר טפוש,זכויות יוצרים : 1
ניוקטיב רפכ,פשעי מחשב : 1
מוליצ ול,פייסבוק : 1,זכויות יוצרים : 1
הרו מולש,ראיות אלקטרוניות : 1,סדר דין פלילי : 1
"ח""ש -",זכויות יוצרים : 1
קוח עבק,רגולציה וממשל : 1
יאנת שיא,רגולציה וממשל : 1
ספוט הינפ,מדיניות הפרטיות : 1
דרשמ הקד,רגולציה וממשל : 1,פטנטים : 1
הנגפה כלהמ,פייסבוק : 1
לטוה ניד,פשעי מחשב : 1,סדר דין פלילי : 1
יביטקפא הפיכא,סדר דין פלילי : 1
העיבת ניד,זכויות יוצרים : 1
המשרה תעב,מדיניות הפרטיות : 1
נמז תכרעמ,פשעי מחשב : 1
הרדגה הבחרה,רגולציה וממשל : 1
משל מויכ,פטנטים : 2
חיכוה אל,זכויות יוצרים : 1
דול -,ראיות אלקטרוניות : 2,זכויות יוצרים : 1
שנוע לטוה,פשעי מחשב : 1
השקב לביק,ראיות אלקטרוניות : 2,סדר דין פלילי : 1
אל מוליצ,פייסבוק : 1,זכויות יוצרים : 2
רגס רמשנ,מדיניות הפרטיות : 1
הצפ נוילימ,פשעי מחשב : 1
ירמגל מושיר,רגולציה וממשל : 1
אופא יאדכ,מדיניות הפרטיות : 1
רוסא רתוה,דעות : 1
ידכ שמתשה,מדיניות הפרטיות : 1
טנטפ דרשמ,פטנטים : 2
רפסמ אמגוד,מדיניות הפרטיות : 1
מושיר השק,פטנטים : 1
סחיי מושיא,ראיות אלקטרוניות : 1,סדר דין פלילי : 1,דעות : 1
נגמ יטרפ,דעות : 1
נמוי חתינ,מדיניות הפרטיות : 1
לודג ירוביצ,זכויות יוצרים : 1
ררוע הטלחה,דעות : 1
לוגיר הנכות,רגולציה וממשל : 1
רפה היעט,זכויות יוצרים : 1
תעב קיסעמ,דעות : 1
הנולת נעט,פייסבוק : 1
דראילימ לש,פייסבוק : 1
""" רבד",פייסבוק : 1,זכויות יוצרים : 1
לע השגוהש,פטנטים : 1
פסאנ עדימ,פטנטים : 1,מדיניות הפרטיות : 1
פשחנ יתלשממ,רגולציה וממשל : 1
רקאהה'ש תעב,דעות : 1
בירק דעלג,רגולציה וממשל : 1
( בורק,רגולציה וממשל : 1
טפשמ דרשמ,רגולציה וממשל : 1,פטנטים : 2
תכרעמ קתיש,פשעי מחשב : 1
) שופיח,סדר דין פלילי : 1
רקיע עשפ,דעות : 1
' הנווכ,זכויות יוצרים : 1
אוה התא,מדיניות הפרטיות : 1
פקיה תולעפתה,דעות : 1
הרטשמ תולהנתה,פייסבוק : 1
אל ככ,מדיניות הפרטיות : 1
) לארשי,פייסבוק : 1
( אשונ,פייסבוק : 1
מליצ ריווא,זכויות יוצרים : 1
- זכרמ,ראיות אלקטרוניות : 2
מינפ יוהיז,פייסבוק : 3,סדר דין פלילי : 1
נייצ יטרפ,רגולציה וממשל : 1
נעט בויטוי,זכויות יוצרים : 1
רש יתוכאלמ,פטנטים : 1
רתא השרוה,מדיניות הפרטיות : 1
עיגה הנידמ,מדיניות הפרטיות : 1
שיגה הנולת,פייסבוק : 1
נכדע קחמ,מדיניות הפרטיות : 1
נגומ שורד,זכויות יוצרים : 1
נושל העיבת,פייסבוק : 1
יהלש דוע,פייסבוק : 1
נפד אצי,דעות : 1
רלולסה הרבח,ראיות אלקטרוניות : 2
הארתה בתכמ,זכויות יוצרים : 1
רידסה ללכב,רגולציה וממשל : 1
( ביבא,ראיות אלקטרוניות : 1
) ירמגל,רגולציה וממשל : 1
טנטפ מושיר,פטנטים : 2
תוריש קפיס,זכויות יוצרים : 1,מדיניות הפרטיות : 1
תורמל נקות,דעות : 1
רפה מוקלאווק,פטנטים : 1
רקא רבע,פשעי מחשב : 1
ycavirP אמגוד,מדיניות הפרטיות : 1
תוברל חתיפ,פייסבוק : 1
"כריב """,רגולציה וממשל : 1
נמז נוילימ,פשעי מחשב : 1
פוג שוכר,מדיניות הפרטיות : 1
קשמ חתפמ,פטנטים : 1
לדנ זעוה,פייסבוק : 1
) לוכשא,פייסבוק : 1,זכויות יוצרים : 1
היה יטפשמ,מדיניות הפרטיות : 1
ילילפ לובג,סדר דין פלילי : 1
ול קפיס,פשעי מחשב : 1
לעופה פוגה,פטנטים : 1
תושר תוינידמ,דעות : 1
תושר נויד,פטנטים : 1
ניב נוזיא,ראיות אלקטרוניות : 1
תוכז רפה,זכויות יוצרים : 3
לליה רמוח,דעות : 1
מוכס %,פשעי מחשב : 1
הסינ רקא,פשעי מחשב : 1
רייד הצובק,פייסבוק : 1
שורד עדומ,זכויות יוצרים : 1
כרצ קיתע,ראיות אלקטרוניות : 1
שמיש iF,פטנטים : 1
דרשמ כרע,פשעי מחשב : 1
שדוח שמתשמ,פייסבוק : 1
טופיש וצ,סדר דין פלילי : 1,מדיניות הפרטיות : 1
ehT /,דעות : 1
הריבע יתש,דעות : 1
קסע טסופ,פייסבוק : 1
השקב שיגה,פטנטים : 1
הנומת קספנ,זכויות יוצרים : 1
היגולופרומ תוניגה,שדי תרומות : 1
הלווע עציב,זכויות יוצרים : 1
"נמז ""תיברעה",סדר דין פלילי : 1
"ש""מהיב ניד",ראיות אלקטרוניות : 1,פשעי מחשב : 1
עדימ השרוה,מדיניות הפרטיות : 1
"- מ""ע",ראיות אלקטרוניות : 1
נותנ הלבק,ראיות אלקטרוניות : 1
- רזג,פשעי מחשב : 3,סדר דין פלילי : 2
ירוקמ לעב,ראיות אלקטרוניות : 1
לע נותנ,דעות : 1
תוכמס תפסות,רגולציה וממשל : 1
מולשת ההוז,פשעי מחשב : 1
לע רוערע,ראיות אלקטרוניות : 4,פשעי מחשב : 2,סדר דין פלילי : 1
ננש הקד,פייסבוק : 1
הנומת הלעה,מדיניות הפרטיות : 1
יא ',זכויות יוצרים : 1
נמז טנ,סדר דין פלילי : 1
נמז צרפ,דעות : 1
אלמ העיבק,רגולציה וממשל : 1
קינעה -,זכויות יוצרים : 1
משאנ ניד,פשעי מחשב : 2,סדר דין פלילי : 1
פלא הקד,רגולציה וממשל : 1,ראיות אלקטרוניות : 1,פשעי מחשב : 1,סדר דין פלילי : 1,דעות : 1
קספ ככ,ראיות אלקטרוניות : 2
ינפחרב שומיש,פטנטים : 1
- דוק,מדיניות הפרטיות : 1
קדצ רשוי,שדי תרומות : 1
שי נחב,רגולציה וממשל : 1
מיבאשמ תלעב,זכויות יוצרים : 1
שדח יצוביק,דעות : 1
' טפשמ,סדר דין פלילי : 1
- וגודרב,זכויות יוצרים : 1
יטרפ רמש,מדיניות הפרטיות : 1
לע עדימ,רגולציה וממשל : 1
הבינג עשרוה,פשעי מחשב : 2,סדר דין פלילי : 1
תיב שופיח,סדר דין פלילי : 1
רישכמ הקד,ראיות אלקטרוניות : 1
קספנ יערד,זכויות יוצרים : 1
צרפ 'ידועסה,דעות : 1
יזוחמ הטלחה,ראיות אלקטרוניות : 1,סדר דין פלילי : 1
פרטצה נכדע,רגולציה וממשל : 1,ראיות אלקטרוניות : 1,פשעי מחשב : 1,פייסבוק : 1,פטנטים : 1,סדר דין פלילי : 1,זכויות יוצרים : 1,דעות : 1,מדיניות הפרטיות : 1
iF -,פטנטים : 1
לעב תיתוהמ,ראיות אלקטרוניות : 1
; תרחא,מדיניות הפרטיות : 1
ה ראת,רגולציה וממשל : 1
שמתשה ניינע,מדיניות הפרטיות : 1
מייק יחרזא,ראיות אלקטרוניות : 1
הפיח הייריע,זכויות יוצרים : 2
נייע כלה,מדיניות הפרטיות : 1
הנפ יטרפ,מדיניות הפרטיות : 1
תושר גיצנ,רגולציה וממשל : 1
נוכיס מצמצ,מדיניות הפרטיות : 1
רצי יתוכאלמ,פטנטים : 1
לע רקב,מדיניות הפרטיות : 1
פרוצ ),רגולציה וממשל : 1
אל היה,רגולציה וממשל : 1
וצ נתמ,ראיות אלקטרוניות : 3
תונלוענמ קסע,זכויות יוצרים : 1
יטנג מירטמויב,דעות : 1
חתפמ רזגמ,פטנטים : 1
הקיקח כילהת,רגולציה וממשל : 1
תוריחב תכרעמ,פייסבוק : 1
- ניד,דעות : 1
הרבח נה,זכויות יוצרים : 1
נוכנ נותנ,ראיות אלקטרוניות : 1
( קוח,רגולציה וממשל : 1
נופצ יזוחמ,פטנטים : 1
לא ניבה,דעות : 1
רוערע הדבוע,פשעי מחשב : 1
העשרה לע,פשעי מחשב : 2,סדר דין פלילי : 2
נמז דומע,פייסבוק : 1,זכויות יוצרים : 1
ליד בוב,מדיניות הפרטיות : 1
יאקירמא רצוא,פשעי מחשב : 1
תוריש הדובע,פשעי מחשב : 1
תרחא הרוה,מדיניות הפרטיות : 1
מסרפ יעוצקמ,זכויות יוצרים : 1
כשמה הריכמ,פשעי מחשב : 1
תילגרמ מושיא,דעות : 1
בושמ ספוט,מדיניות הפרטיות : 2
גיצה תעבות,פייסבוק : 1
) נמיה,פייסבוק : 1
מויא הטיחס,דעות : 1
תורכיה תוקמעתה,דעות : 1
מוליצ רצי,זכויות יוצרים : 1
הנש (,פשעי מחשב : 1,סדר דין פלילי : 1
טפוש הוונ,דעות : 1
טנרטניא נפדפד,מדיניות הפרטיות : 1
נוזיא כות,ראיות אלקטרוניות : 1
קזנ ענמ,מדיניות הפרטיות : 1
פסונ הלוח,פשעי מחשב : 1
- דמאנ,זכויות יוצרים : 1
חתיפ היאר,רגולציה וממשל : 1
ניד אבוה,פשעי מחשב : 1
יוטיב די,פייסבוק : 1
תוהז הדועת,דעות : 2
נינב נכש,פייסבוק : 1
די -,ראיות אלקטרוניות : 1
הדעו דרשמ,פייסבוק : 1
- בישה,ראיות אלקטרוניות : 2
רסאמ החד,פשעי מחשב : 1,סדר דין פלילי : 1
כרצ דעונ,מדיניות הפרטיות : 1
רוערע תושר,ראיות אלקטרוניות : 4
רתא לוהינ,מדיניות הפרטיות : 1
הבינג עציב,פשעי מחשב : 1,סדר דין פלילי : 1
רישכמ caM,פטנטים : 1
רצעמ (,סדר דין פלילי : 1
הלועפ מע,זכויות יוצרים : 1
הבוח מצמצ,רגולציה וממשל : 1
רבח רידגה,מדיניות הפרטיות : 1
מוסרפ רושרש,פייסבוק : 1
דוע רצי,זכויות יוצרים : 1
לוהינ ריבעה,מדיניות הפרטיות : 1
אמגוד (,רגולציה וממשל : 1
קיפה ),מדיניות הפרטיות : 1
בויטוי הארתה,זכויות יוצרים : 1
יפא נופלט,ראיות אלקטרוניות : 1
""" נגד",פייסבוק : 1
כרוצ קר,פטנטים : 1
- ה,רגולציה וממשל : 1,פטנטים : 2,מדיניות הפרטיות : 1
hcetlaC (,פטנטים : 1
יטרפ לע,מדיניות הפרטיות : 1
תלוכי עייס,סדר דין פלילי : 1
כרע רטוש,סדר דין פלילי : 1
) רכז,מדיניות הפרטיות : 1
דצ מש,מדיניות הפרטיות : 1
) נייט,פשעי מחשב : 1,סדר דין פלילי : 1
דעונ הלשממ,רגולציה וממשל : 1
עדימ לע,רגולציה וממשל : 2
כ פקיה,פשעי מחשב : 1
עדומ מסרפ,זכויות יוצרים : 1
ההובג ריבס,סדר דין פלילי : 1
הליג הריכמ,זכויות יוצרים : 1
טסופ לע,פייסבוק : 1
בתכמ הנש,פייסבוק : 1
מחתמ (,זכויות יוצרים : 1
ירוביצ פוג,זכויות יוצרים : 1
מסרפ עבתנ,פייסבוק : 1
שקבתה רתיא,מדיניות הפרטיות : 1
ההיז עדימ,מדיניות הפרטיות : 1
נתנ הבוח,רגולציה וממשל : 1
נמז לביק,ראיות אלקטרוניות : 1,סדר דין פלילי : 1
הקפסא מג,פטנטים : 1
נויד תודע,פטנטים : 1
ינולפ (,ראיות אלקטרוניות : 1
ריהצה -,פטנטים : 1
דבלב יטסיטטס,מדיניות הפרטיות : 1
מוסרפ כרוצ,פייסבוק : 1
קית פרג,סדר דין פלילי : 1
השקב הייחד,ראיות אלקטרוניות : 1
נכ רייד,פייסבוק : 1
הצר דימתיולגב,מדיניות הפרטיות : 1
תודע ניינע,ראיות אלקטרוניות : 1
יתלשממ יתוכאלמ,רגולציה וממשל : 1
ינחור ניינק,זכויות יוצרים : 1
תורבחתה רתא,מדיניות הפרטיות : 1
בורק רבמצד,פייסבוק : 1
) רתא,מדיניות הפרטיות : 1
יתוהמ היאר,ראיות אלקטרוניות : 1,סדר דין פלילי : 1
ילכ שמתשה,רגולציה וממשל : 1
רתוה הדימ,דעות : 1
אל קובסייפש,פייסבוק : 1
ריאשה הוונ,ראיות אלקטרוניות : 1
רקח הדיחי,ראיות אלקטרוניות : 1
מויכ תושר,פטנטים : 1
תוגהנתה ינרע,פטנטים : 1
כילהת עגפ,פטנטים : 1
- רצי,זכויות יוצרים : 1
"ח""וד נכ",זכויות יוצרים : 1
- נמוי,מדיניות הפרטיות : 1
כרוע הכשל,ראיות אלקטרוניות : 1,דעות : 1
ינענצל סחיי,דעות : 1
טוביבורגו נוילימ,זכויות יוצרים : 1
הנגה קוח,רגולציה וממשל : 4,דעות : 2
רודיש ריכזה,דעות : 1
אשנ טנטפ,פטנטים : 1
שדח חסונ,סדר דין פלילי : 1
- עבתנ,זכויות יוצרים : 1
רתא שמתשמ,מדיניות הפרטיות : 1
כרוצ פסאנ,פטנטים : 1
נוקית כ,רגולציה וממשל : 1
נמז יאופר,פשעי מחשב : 1
רגאמ לוהינ,רגולציה וממשל : 1
נפ חותינ,רגולציה וממשל : 1
העימש ללכ,פטנטים : 2
תיתדוקנ העט,זכויות יוצרים : 1
רשפא הנש,פייסבוק : 1
לעב כייש,ראיות אלקטרוניות : 1
הלשממ לוגיר,רגולציה וממשל : 1
רמוש לת,פשעי מחשב : 1
רוקמ מסרפתה,פייסבוק : 1,זכויות יוצרים : 1
ניל ידגנ,פייסבוק : 1
שמתשמ דראילימ,פייסבוק : 1
הדיחי די,ראיות אלקטרוניות : 1
נוקית ],רגולציה וממשל : 1
יוהיז יתלשממ,רגולציה וממשל : 1
- דח,פטנטים : 1
הרקמ בשחמ,מדיניות הפרטיות : 1
לא רזח,מדיניות הפרטיות : 1
- צרפ,פשעי מחשב : 1
תורעתסה תופתתתשהב,סדר דין פלילי : 1
הטויט עבק,פייסבוק : 1
יזיפ רסמ,ראיות אלקטרוניות : 1
אשונ נכש,פייסבוק : 1
נובנ זר,זכויות יוצרים : 1
תיתוהמ הניחב,ראיות אלקטרוניות : 1
טפשמ עדי,רגולציה וממשל : 1,ראיות אלקטרוניות : 1,פשעי מחשב : 1,פייסבוק : 1,פטנטים : 1,סדר דין פלילי : 1,זכויות יוצרים : 1,דעות : 1,מדיניות הפרטיות : 1
"ילבמ """,ראיות אלקטרוניות : 1,סדר דין פלילי : 1
מסרפ הנקת,פטנטים : 2
ניד תיב,סדר דין פלילי : 1
רחא הקחתה,זכויות יוצרים : 1
מ טטיצ,דעות : 1
בנג ינורטקלא,דעות : 1
משאנ בצוה,סדר דין פלילי : 1
הליחת תוהז,מדיניות הפרטיות : 1
? ),ראיות אלקטרוניות : 1
בחר רוביצ,פטנטים : 1
נותנ ול,פשעי מחשב : 1
לופיט הרטשמ,סדר דין פלילי : 1
ללכ דחוש,פשעי מחשב : 1
הרעה מסרפ,פטנטים : 1
קובסייפו ללכב,פייסבוק : 1
המגמ רוא,פטנטים : 1
הטויט הקד,פטנטים : 1
ריקחת מוסרפ,פייסבוק : 1
עבתנ הרבח,זכויות יוצרים : 1
דרשמ נוזמא,פטנטים : 1
עדימ רגאמ,רגולציה וממשל : 3,דעות : 2
אצי הטלחה,דעות : 1
תויה -,דעות : 1
רפוע טפוש,ראיות אלקטרוניות : 1
תיברמ (,רגולציה וממשל : 1
כות המכסה,זכויות יוצרים : 1
) טאיח,זכויות יוצרים : 1
הליהק ילטיגיד,זכויות יוצרים : 1
הקד האירק,רגולציה וממשל : 3,ראיות אלקטרוניות : 6,פשעי מחשב : 3,פייסבוק : 6,סדר דין פלילי : 6,זכויות יוצרים : 6,דעות : 7
הינרופילק נופצ,פטנטים : 1
/ {,דעות : 1
הנגה תושר,רגולציה וממשל : 3,דעות : 1
כילה נד,ראיות אלקטרוניות : 1
"ר""וי חיטבה",רגולציה וממשל : 1
"עבות """,פייסבוק : 1,זכויות יוצרים : 1
CTF -,פטנטים : 2
"ת""פ תונלוענמ",זכויות יוצרים : 1
רודיש טנרטניא,דעות : 1
הנגהלו תורחתה,פטנטים : 1
הרוה ),ראיות אלקטרוניות : 1,פטנטים : 1
ניצק עבות,פייסבוק : 1
זרא לע,פטנטים : 1
ככ יזכרמ,רגולציה וממשל : 1
צרא פסונ,פשעי מחשב : 1
ריקחת לע,פשעי מחשב : 1
הייבג ריתה,ראיות אלקטרוניות : 1
קוח הקד,רגולציה וממשל : 1
ננש הילע,פייסבוק : 1
הנקת הטויט,פטנטים : 2
לעפתה בריס,דעות : 1
פלא נובנ,מדיניות הפרטיות : 1
גהונ הירטסוא,פייסבוק : 1
תורחת בושח,פטנטים : 1
לא הנידמ,רגולציה וממשל : 1
בשחוממ היצקילפא,פשעי מחשב : 1
מורד עובשה,רגולציה וממשל : 1
דנלריא עדימ,פייסבוק : 1
תטמשה כות,זכויות יוצרים : 1
יוהיז תייגולונכט,פייסבוק : 1
פוג תעבתנ,זכויות יוצרים : 1
טנטפהבקעמ תוריש,פטנטים : 1
[ רש,רגולציה וממשל : 1
עבתנ ניל,פייסבוק : 1
הרפוכה תפקתמהפקתמה,פשעי מחשב : 1
mmoclauQ תרבח,פטנטים : 1
קיתע תעבתנ,זכויות יוצרים : 1
ביצהל מיטפשמה,סדר דין פלילי : 1
הליג האירוק,רגולציה וממשל : 1
הרידח נוכיס,מדיניות הפרטיות : 1
רתי מעפ,מדיניות הפרטיות : 1
נותנ יטנג,דעות : 1
תוינידמ תע,מדיניות הפרטיות : 1
כרוצ דצ,פטנטים : 1
רז הלשממ,רגולציה וממשל : 1
) רנליוו,ראיות אלקטרוניות : 2
רשפא דוע,פייסבוק : 1
רתיא ידכ,מדיניות הפרטיות : 1
תפסות יטרפ,רגולציה וממשל : 1
פסונ רישכמ,פטנטים : 1
העט נעט,זכויות יוצרים : 1
תוצרא ימואל,רגולציה וממשל : 1
ריבס ליכה,סדר דין פלילי : 1
"הדעו ר""וי",רגולציה וממשל : 1
חרזא תוהז,רגולציה וממשל : 1
בשחמ מיתעל,מדיניות הפרטיות : 1
) לקש,פשעי מחשב : 1,סדר דין פלילי : 1
המישר רתיא,מדיניות הפרטיות : 1
הרבח רשק,פשעי מחשב : 1
הפקתמ רמוש,פשעי מחשב : 1
תלעב יתרטשמ,פייסבוק : 1
נווקמ תכרעמ,פטנטים : 1
אצמ טפשמ,דעות : 1
הטויט רוביצ,פטנטים : 1
רקאה ',דעות : 1
מויס דימ,סדר דין פלילי : 1
"ססבתהב """,רגולציה וממשל : 1
יאמדקא ליעפ,רגולציה וממשל : 1
ננולתה משאנ,ראיות אלקטרוניות : 1,סדר דין פלילי : 1
הייחדל דרזא,פשעי מחשב : 1,סדר דין פלילי : 1
תרבח יושיר,פטנטים : 1
מוסרפ הביתכ,פייסבוק : 1
עוריא יח,דעות : 1
) (,רגולציה וממשל : 1,פטנטים : 1
רוזא לוענמ,זכויות יוצרים : 1
OSN העדוה,רגולציה וממשל : 1
רתסא טפוש,זכויות יוצרים : 1
יגולונכט נוכמ,פטנטים : 1
בוציע הלועפ,זכויות יוצרים : 1
היווח תורש,זכויות יוצרים : 1
לע לטוהש,פשעי מחשב : 1,סדר דין פלילי : 1
אל (,שדי תרומות : 1
תובישח פקיה,דעות : 1
תויטרפ לע,מדיניות הפרטיות : 1
לעפ פוג,רגולציה וממשל : 1
ננולתה הצובק,ראיות אלקטרוניות : 1,סדר דין פלילי : 1
מד מוכס,פשעי מחשב : 1
בצוה נויד,סדר דין פלילי : 1
ללוכ מוכס,פשעי מחשב : 1
שומיש פצר,מדיניות הפרטיות : 1
הלעפה ול,ראיות אלקטרוניות : 1
רקב רקחמ,מדיניות הפרטיות : 1
כוסכס ררועתה,פייסבוק : 1
ילארדפ טפשמ,סדר דין פלילי : 1
קפיס חתיפ,רגולציה וממשל : 1
רש המזוי,רגולציה וממשל : 1
רפה נעט,זכויות יוצרים : 1
טפשמ טנ,סדר דין פלילי : 1
עבש -,פשעי מחשב : 1
- ו,רגולציה וממשל : 2,פטנטים : 1
לע דיינ,סדר דין פלילי : 1
נורסמ בתכמ,פייסבוק : 1
דרמ טפוש,פייסבוק : 1,זכויות יוצרים : 1
הנעט היצקילפא,זכויות יוצרים : 1
( לומתא,פטנטים : 1
reimerP noitaicossA,דעות : 1
יארשא סיטרכ,דעות : 1
- הריבע,דעות : 1
נו'צניא הפועת,רגולציה וממשל : 1
יונמ ירלולס,פשעי מחשב : 1
רבעשל ניד,ראיות אלקטרוניות : 1,דעות : 1
הדובע יוציר,פשעי מחשב : 1
השגוהש טנטפ,פטנטים : 1
ניד -,ראיות אלקטרוניות : 2,פשעי מחשב : 4,פייסבוק : 4,סדר דין פלילי : 2,זכויות יוצרים : 6
יוצמ הטלחה,דעות : 1
קפיס שקבתה,מדיניות הפרטיות : 1
נוצר יולת,מדיניות הפרטיות : 1
בצמ תושיא,דעות : 1
נפדפד רגס,מדיניות הפרטיות : 1
( רישכמ,ראיות אלקטרוניות : 1
בישה ניא,ראיות אלקטרוניות : 1,סדר דין פלילי : 1
קנב חוויד,פשעי מחשב : 1
נגומ הריצי,ראיות אלקטרוניות : 1
נמז שמיש,רגולציה וממשל : 1
תכרעמ תיתלשממה,פטנטים : 1
תוהז תמיא,מדיניות הפרטיות : 1
שי עדימ,מדיניות הפרטיות : 1
עשרוה בישה,ראיות אלקטרוניות : 1
הדע העימש,פטנטים : 1
בשות -,פטנטים : 1
עוריא הנגפה,פייסבוק : 1
גישה מויא,סדר דין פלילי : 1
הנומת תרושקת,דעות : 1
רשק הריצי,זכויות יוצרים : 1
לת מולש,ראיות אלקטרוניות : 1
קוח הבוח,מדיניות הפרטיות : 1
רבח מייפרגוטפירק,פשעי מחשב : 1,סדר דין פלילי : 1
זוינ ה'זנרב,פייסבוק : 1,זכויות יוצרים : 1
נומגא לכימ,דעות : 1
רכז אופא,מדיניות הפרטיות : 1
יתש ינענצל,דעות : 1
לדגמ תונמא,זכויות יוצרים : 1
לבקמ הנוש,פשעי מחשב : 1
ביוח חרכהב,פייסבוק : 1
הבוח פיסוה,רגולציה וממשל : 1
עבתנ מסרפ,פייסבוק : 1
מושיא בתכ,ראיות אלקטרוניות : 2,סדר דין פלילי : 2,דעות : 2
רושרש אלמ,פייסבוק : 1
השגה רוביצ,פטנטים : 1
- רתוה,דעות : 1
- טרפ,מדיניות הפרטיות : 1
נוחטב ניא,מדיניות הפרטיות : 1
הינפ אוב,מדיניות הפרטיות : 1
שנוע עוציב,פשעי מחשב : 1,סדר דין פלילי : 1
יחרזא כילה,ראיות אלקטרוניות : 3
קיסעמ דבוע,דעות : 1
נעט תקולחמ,מדיניות הפרטיות : 1
בשחמ -,מדיניות הפרטיות : 2
הרפה לש,זכויות יוצרים : 1
תוליעפ ecnerefeR,מדיניות הפרטיות : 1
מות פדרנ,שדי תרומות : 1
הדעוהטרפב קובסייפו,פייסבוק : 1
נגה נגה,שדי תרומות : 2
"ה""חאי הנחת",ראיות אלקטרוניות : 1
ללכ נויד,פטנטים : 2
ל פרטצה,רגולציה וממשל : 1
נמז רבח,פשעי מחשב : 1,סדר דין פלילי : 1
הינרופילק ילרדפ,פטנטים : 1
לואיס נו'צניא,רגולציה וממשל : 1
"ש""מהיב הטלחה",ראיות אלקטרוניות : 7,פשעי מחשב : 1,סדר דין פלילי : 4
מוריח תינכות,רגולציה וממשל : 1
איג טפוש,פייסבוק : 1
נכש דצ,פייסבוק : 1
יפסכ סנק,פשעי מחשב : 1,סדר דין פלילי : 1
רבייס הרבח,רגולציה וממשל : 1
נופלט נוכנ,ראיות אלקטרוניות : 1
הריכמ עיצה,זכויות יוצרים : 1
נעמ מש,דעות : 1
"דעלג כ""ח",רגולציה וממשל : 1
רתא יוצמ,מדיניות הפרטיות : 1
ecnerefnoC oediV,ראיות אלקטרוניות : 1
הלע כרוצ,פטנטים : 1
דיקפ נודז,רגולציה וממשל : 1
רפה תעבתנ,זכויות יוצרים : 1
יבבש רובע,פטנטים : 1
לארשי יפקתה,רגולציה וממשל : 1
עשפ עוציב,דעות : 1
ה הרקמ,מדיניות הפרטיות : 1
הכירצ הניא,ראיות אלקטרוניות : 1,סדר דין פלילי : 1
מוליצ נימזמ,פייסבוק : 1,זכויות יוצרים : 1
ניל מוסרפ,פייסבוק : 1
הטוב הבוגת,פייסבוק : 1
רחסה תוביצנ,פטנטים : 1
לכימ טפוש,דעות : 1
נתינ אל,פייסבוק : 1,סדר דין פלילי : 1
מג ריהמ,פטנטים : 1
הבוח מוצמצ,רגולציה וממשל : 1
לש דיינה,ראיות אלקטרוניות : 1,סדר דין פלילי : 1
לש ניינע,מדיניות הפרטיות : 1
רל בינה,זכויות יוצרים : 1
"מענ ר""וי",פייסבוק : 1,זכויות יוצרים : 1
השק -,דעות : 1
העדוה כמסמ,פטנטים : 2
ירשפא העיגפ,ראיות אלקטרוניות : 1
נמז רעס,רגולציה וממשל : 1
טרופס עוריא,דעות : 1
ולעוהש מהיתונומת,פייסבוק : 1
דצ שוכר,מדיניות הפרטיות : 1
הדיחי -,ראיות אלקטרוניות : 1
תורירגש דבוע,רגולציה וממשל : 1
הלעה לוכי,מדיניות הפרטיות : 1
השגה בחר,פטנטים : 1
רודמ רתא,מדיניות הפרטיות : 1
ררוע נימ,ראיות אלקטרוניות : 1,סדר דין פלילי : 1
רש רעס,פייסבוק : 1
חרכהב אל,פייסבוק : 1
רבייס כרעמ,פשעי מחשב : 1
די אב,פייסבוק : 1
שופיח רצעמ,סדר דין פלילי : 1
רמש דעוי,מדיניות הפרטיות : 1
לע הנש,פשעי מחשב : 1
ידגנ העיבת,פייסבוק : 2
הנידמ שמתשה,מדיניות הפרטיות : 1
ללכ עדימ,מדיניות הפרטיות : 1
המזוי כריב,רגולציה וממשל : 1
דוע תוירטמויב,רגולציה וממשל : 1
נתינ תושר,דעות : 1
( תורבחתה,מדיניות הפרטיות : 1
ררוע לש,ראיות אלקטרוניות : 1,סדר דין פלילי : 1
יוצמ בושמ,מדיניות הפרטיות : 1
נמז שקיב,ראיות אלקטרוניות : 1
לע מסרפתה,דעות : 1
) kaerFtnerroT,דעות : 1
ליגר היגולופרומ,שדי תרומות : 1
משרנ יתוכאלמ,פטנטים : 1
מש הרטשמ,פייסבוק : 1
הנומת לא,רגולציה וממשל : 1
משיי רתא,מדיניות הפרטיות : 1
וצ די,מדיניות הפרטיות : 1
מלוצ עוריא,פייסבוק : 1
daPi enohPi,פטנטים : 1
השק הקד,פטנטים : 1
עונמל ידכ,מדיניות הפרטיות : 1
ילילפ ניד,סדר דין פלילי : 1
מאתהב טופיש,סדר דין פלילי : 1
הבוח רוטפ,דעות : 1
מוחת רידגה,מדיניות הפרטיות : 1
דומעו רתא,פייסבוק : 1,זכויות יוצרים : 1
רמא ליד,מדיניות הפרטיות : 1
ריבעה נפדפד,מדיניות הפרטיות : 1
שיא ניד,רגולציה וממשל : 1,ראיות אלקטרוניות : 1,פשעי מחשב : 1,פייסבוק : 1,פטנטים : 1,סדר דין פלילי : 1,זכויות יוצרים : 1,דעות : 1,מדיניות הפרטיות : 1
אל עבות,פייסבוק : 1,זכויות יוצרים : 1
שנוע רזג,פשעי מחשב : 3,סדר דין פלילי : 1
תעב חרב,דעות : 1
ררוגתה עבתנ,פייסבוק : 1
הנוי הליחת,פטנטים : 1
עדימ תויטנבלר,ראיות אלקטרוניות : 1
לביק ],ראיות אלקטרוניות : 2
הקיחמ תוברל,פייסבוק : 1
"ט""ומר (",דעות : 1
- ררוע,ראיות אלקטרוניות : 1,סדר דין פלילי : 1
נכש כוסכס,פייסבוק : 1
שיגה עבות,פייסבוק : 1
יגולונכט רישכמ,פטנטים : 1
עציב ככב,פשעי מחשב : 1,סדר דין פלילי : 1
שמתשה ילטיגיד,פייסבוק : 1
רתא העדומ,זכויות יוצרים : 2
ראוד בתכ,דעות : 1
( לש,מדיניות הפרטיות : 1
תמיא היה,מדיניות הפרטיות : 1
ררע הדבוע,ראיות אלקטרוניות : 1,סדר דין פלילי : 1
הנשמ הקיקח,פטנטים : 1
הנגה תושרהתושרל,רגולציה וממשל : 1
לוענמ עבתנ,זכויות יוצרים : 1
מולש טפשמ,ראיות אלקטרוניות : 1
ניא רתא,מדיניות הפרטיות : 1
ניא נבומכ,מדיניות הפרטיות : 1
דוביע שרופמ,פייסבוק : 1
גליד דצ,דעות : 1
נחב נוזמא,פטנטים : 1
שמתשה ),זכויות יוצרים : 1
אל ),מדיניות הפרטיות : 1
נוכנ לא,דעות : 1
( ירוביצ,פייסבוק : 1
נכ רתא,מדיניות הפרטיות : 1
כות יחרזא,ראיות אלקטרוניות : 1
נבומכ לא,מדיניות הפרטיות : 1
מויה רשיא,רגולציה וממשל : 1
חתפנ ררוע,ראיות אלקטרוניות : 1,סדר דין פלילי : 1
עבשוה רבח,פטנטים : 1
רתא המכסה,מדיניות הפרטיות : 1
היה אל,רגולציה וממשל : 1
נותנ לטינ,רגולציה וממשל : 1
קוח נוקית,רגולציה וממשל : 5
תעבתנ לדגמ,זכויות יוצרים : 1
בלושמ הפקתמ,פשעי מחשב : 1
מסרפ נעט,זכויות יוצרים : 1
כרוצל חוליש,פטנטים : 1
סנק מולשת,פשעי מחשב : 1,סדר דין פלילי : 1
תיב טפשמ,סדר דין פלילי : 1
הוונ יפא,ראיות אלקטרוניות : 1,דעות : 1
הווראסמ אאלע,ראיות אלקטרוניות : 2
יוליג נוכנ,ראיות אלקטרוניות : 1
ניב ניחבה,פטנטים : 1
ריבעה אל,מדיניות הפרטיות : 1
GRN רתא,דעות : 1
מימוליצ ההובג,סדר דין פלילי : 1
כרד נעמ,דעות : 1
ניזגמ רתא,פייסבוק : 1,זכויות יוצרים : 1
ניד רדס,סדר דין פלילי : 1
האלה עדימ,מדיניות הפרטיות : 1
תינבת הקיחמ,פייסבוק : 1
נוכמ כייש,פטנטים : 1
ואדיו מוליצ,פטנטים : 1
- קוח,רגולציה וממשל : 1
הפיכא תוכמס,רגולציה וממשל : 2
הטלחה רזחוה,ראיות אלקטרוניות : 1,סדר דין פלילי : 1
uridnaC -,רגולציה וממשל : 1
העיבת אשנ,פטנטים : 1
הסינכ מעתינורטקלא,פטנטים : 1
מושיר הבוח,רגולציה וממשל : 3,דעות : 1
מש קר,דעות : 1
ניינע רודמ,מדיניות הפרטיות : 1
דרז א,פשעי מחשב : 1
הטלחה תיצמת,דעות : 1
עובק הליע,סדר דין פלילי : 1
כ נמוס,רגולציה וממשל : 1
כות רז,רגולציה וממשל : 1
יתלשממ כמסמ,רגולציה וממשל : 1
ו elppA,פטנטים : 1
יאנת הנתה,דעות : 1
סרטניא שומימ,דעות : 1
ניב 'דלונ,דעות : 1
בא טפוש,פייסבוק : 1
היגולונכט סחייתה,פטנטים : 1
דצ הארנ,דעות : 1
ידכ תרושקת,פשעי מחשב : 1
מיווהמו תורחתה,פטנטים : 1
העיבת העיבת,פייסבוק : 1
נה -,זכויות יוצרים : 1
מוליצ ינש,זכויות יוצרים : 1
תבותכת לע,פייסבוק : 1
מושיר הנוש,פטנטים : 1
נופלט משאנ,ראיות אלקטרוניות : 1,סדר דין פלילי : 1
רעצמ תיתדוקנ,זכויות יוצרים : 1
תוכז לעב,זכויות יוצרים : 2
כרוצ שיא,פייסבוק : 1
; מדקומ,מדיניות הפרטיות : 1
עקר לע,דעות : 2
תוהז מיא,רגולציה וממשל : 1
קפוה מיירטמויב,רגולציה וממשל : 1
רתא בייחתה,מדיניות הפרטיות : 1
דיינ נופלט,ראיות אלקטרוניות : 1,דעות : 1
מה משמ,ראיות אלקטרוניות : 1
""" זוינ",פייסבוק : 1,זכויות יוצרים : 1
מיירטמויב נותנ,רגולציה וממשל : 1
טלחוה נפוא,מדיניות הפרטיות : 1
יח רודיש,דעות : 1
יזכרמ אשונ,רגולציה וממשל : 1
מש שקיב,ראיות אלקטרוניות : 1
תפקתמהפקתמה ענמ,פשעי מחשב : 1
מ הלעמל,פטנטים : 1
פלד לליה,דעות : 1
מדוק תסנכ,רגולציה וממשל : 1
liocwal רתיא,מדיניות הפרטיות : 1
הטלחה לע,ראיות אלקטרוניות : 7,סדר דין פלילי : 3
ההוז תרגסמ,פשעי מחשב : 1
מכסה לעפתה,דעות : 1
( הונ,ראיות אלקטרוניות : 1
נווקמ השגה,פטנטים : 2
) רל,זכויות יוצרים : 1
nigol (,מדיניות הפרטיות : 1
ננכת נורחא,פייסבוק : 1
הנשה ראוני,סדר דין פלילי : 1
תרושקת דרשמ,פייסבוק : 1
הנוכמ האצמה,פטנטים : 1
הוולנ הלועפ,רגולציה וממשל : 1
סיטרכ יטרפ,דעות : 1
רלסכו בקעי,זכויות יוצרים : 1
נורחא רבייס,רגולציה וממשל : 1
משאנ -,ראיות אלקטרוניות : 1,סדר דין פלילי : 2
קוח אלפ,דעות : 1
דחא הרקמב,מדיניות הפרטיות : 1
יתוכאלמ הקד,פטנטים : 1
החטבא תכרעמ,מדיניות הפרטיות : 1
תיברמ שיגה,פטנטים : 2
טפוש נוילע,ראיות אלקטרוניות : 3,פשעי מחשב : 1,סדר דין פלילי : 2
תיב קספ,ראיות אלקטרוניות : 1
דירוה GRN,דעות : 1
ניב פסונ,פטנטים : 1
יאמצע מליצ,פייסבוק : 1,זכויות יוצרים : 1
ההדזה חרזא,פטנטים : 1
סנוא ממש,ראיות אלקטרוניות : 1,סדר דין פלילי : 1
בתכמ לביק,זכויות יוצרים : 1
תע ;,מדיניות הפרטיות : 1
דדוע regdab,מדיניות הפרטיות : 1
יוצמ אלמ,רגולציה וממשל : 1
נלרמא קינבויטוי,זכויות יוצרים : 1
חרזא לע,פשעי מחשב : 1
"יזוחמ ש""מהיב",ראיות אלקטרוניות : 4,פשעי מחשב : 1,סדר דין פלילי : 2
נובנ הצע,מדיניות הפרטיות : 1
דראילימ -,פטנטים : 1
") ט""ומר",דעות : 1
העיבת הדבוע,פייסבוק : 2,זכויות יוצרים : 2
גיצנ ותונפב,רגולציה וממשל : 1
תשר תולהנתה,פייסבוק : 1
פתיש בדנתמ,זכויות יוצרים : 1
נותיע קובסייפה,פייסבוק : 1,זכויות יוצרים : 1
הנוש יתלשממ,פטנטים : 1
נוילימ סנק,פשעי מחשב : 1,סדר דין פלילי : 1
רייא ילאומש,סדר דין פלילי : 1
רובע mmoclauQ,פטנטים : 1
כ יטרפ,רגולציה וממשל : 1
דרז מליש,פשעי מחשב : 1
עייס לוכי,מדיניות הפרטיות : 1
תוינידמ פסונ,דעות : 1
טנטפ תושר,פטנטים : 3
רתא נסחא,מדיניות הפרטיות : 1
תוריהזב גליד,דעות : 1
תושיא הענצ,דעות : 1
תוביצנ הטלחה,פייסבוק : 1
יגולונכט ילכ,מדיניות הפרטיות : 1
נורחא יעיבר,פשעי מחשב : 1
דוביע סכנ,פטנטים : 1
טנטפ רלוד,פטנטים : 1
טפושה (,ראיות אלקטרוניות : 1
פרג נויע,סדר דין פלילי : 1
נמז סרטניא,דעות : 1
צמוא ),דעות : 1
נמז ריהצה,פטנטים : 1
לומתא עבק,פטנטים : 1
סנכנ נפ,רגולציה וממשל : 1
הנש חווד,פשעי מחשב : 1
רנליוו צנימ,ראיות אלקטרוניות : 2
- ראב,פשעי מחשב : 1
רשק רצי,זכויות יוצרים : 1
טמריפש השורג,ראיות אלקטרוניות : 1
נעט עבות,פייסבוק : 1,זכויות יוצרים : 4
פדרנ לימ,שדי תרומות : 1
יאנותיע לשממ,רגולציה וממשל : 1
הקדצה שמתשה,פייסבוק : 1
נמז נחלוש,רגולציה וממשל : 1
בייחתה אל,מדיניות הפרטיות : 1
עוציב בוכיע,פשעי מחשב : 1,סדר דין פלילי : 1
נמז האירק,דעות : 1
תיתלשממה תוהדזה,פטנטים : 1
בתכ ניע,דעות : 1
הרטשמ היאר,סדר דין פלילי : 1
' השרפ,דעות : 1
תועמשמ דבלב,דעות : 1
מוסרפ הפיח,זכויות יוצרים : 1
לבגה קוח,פטנטים : 1
הנמ לע,סדר דין פלילי : 1
רבד תועמשמ,דעות : 1
) CTF,פטנטים : 1
תשר ולעוהש,פייסבוק : 1
elppA הרבח,פטנטים : 1
אמגוד הנה,דעות : 1
הקוח הדעו,רגולציה וממשל : 1
הריבע תעגפנ,סדר דין פלילי : 1
יטרפ ללוכ,דעות : 1
ראב יזוחמ,פשעי מחשב : 2,סדר דין פלילי : 1
ירלולס רישכמ,פשעי מחשב : 1
גיצה אל,פייסבוק : 1
פשח הנש,פטנטים : 1
טפוש נטק,זכויות יוצרים : 1
רתא תוברל,פייסבוק : 1,זכויות יוצרים : 1
העידי שיא,מדיניות הפרטיות : 1
רתא ההדזה,פטנטים : 1
מינכרצ לע,פטנטים : 1
נה ניזגמ,פייסבוק : 1,זכויות יוצרים : 1
האצמה רצי,פטנטים : 1
טפוש יזוחמ,זכויות יוצרים : 1
עדימ חטבא,רגולציה וממשל : 2
קוח רפה,פטנטים : 1
תימע טפוש,ראיות אלקטרוניות : 2
תיב צרא,פשעי מחשב : 1
דעי הרבעה,רגולציה וממשל : 1
ינורטקלא ראוד,דעות : 2,מדיניות הפרטיות : 1
סדנהמ מג,פשעי מחשב : 1
בל המושת,זכויות יוצרים : 1
נה האשרה,פייסבוק : 1,זכויות יוצרים : 1
בורק הפוקת,רגולציה וממשל : 1
נוקית מדוק,רגולציה וממשל : 1
( ילילפ,סדר דין פלילי : 1
תכרעמ הריצי,רגולציה וממשל : 1
הנש הליחת,פטנטים : 1
יניס רוטלוגר,רגולציה וממשל : 1
נותנ ללכ,מדיניות הפרטיות : 1
מלוש רפוכ,פשעי מחשב : 1
המיסח תוינידמ,פייסבוק : 1
enohPi רישכמ,פטנטים : 1
הוונ ניב,דעות : 1
ינכדע יטרפ,מדיניות הפרטיות : 1
חרזא רשפא,פטנטים : 1
סחייתה טנטפהבקעמ,פטנטים : 1
בישמ השקב,ראיות אלקטרוניות : 2
נעט עוצקמ,זכויות יוצרים : 1
ססבתה ינורקע,פייסבוק : 1
ורידנאקו OSN,רגולציה וממשל : 1
היגוע נפדפד,מדיניות הפרטיות : 1
פקיה רצי,ראיות אלקטרוניות : 1
התא עדי,מדיניות הפרטיות : 1
לעופ איצוה,פשעי מחשב : 1
רזח רתא,מדיניות הפרטיות : 1
מוקלאווק הקיטקרפ,פטנטים : 1
הלעוה הנוש,זכויות יוצרים : 1
שרדנ נוילע,ראיות אלקטרוניות : 1
תוכז הקד,פייסבוק : 1,זכויות יוצרים : 1
בוליש לש,זכויות יוצרים : 1
רוביצ לע,פטנטים : 2
תימרכ טפוש,פייסבוק : 1
רחא מרוג,מדיניות הפרטיות : 1
לע קחמנ,ראיות אלקטרוניות : 1
אל תעבות,פייסבוק : 1
הצע הרזחב,מדיניות הפרטיות : 1
) רד,זכויות יוצרים : 1
נושאר מוי,רגולציה וממשל : 1
מושיר השקב,פטנטים : 1
מוסרפ אשונ,פייסבוק : 1
שמתשמ היגולונכט,פייסבוק : 1
שופיח עונמ,מדיניות הפרטיות : 1
לצינ דרז,פשעי מחשב : 1
שופיח כרע,סדר דין פלילי : 1
עידוה יאקירמא,רגולציה וממשל : 1
מלוצ הנומת,זכויות יוצרים : 1
מעתינורטקלא הדועת,פטנטים : 1
דרשמ הליג,רגולציה וממשל : 1
יתלשממ קוח,רגולציה וממשל : 1,סדר דין פלילי : 1
הפיקת הריבע,סדר דין פלילי : 1
תעב אמגוד,מדיניות הפרטיות : 1
חרזא תיברמ,רגולציה וממשל : 1
OSN לארשי,רגולציה וממשל : 1
בתכ רוקמ,פייסבוק : 1,זכויות יוצרים : 1
נוילימ -,רגולציה וממשל : 1,פשעי מחשב : 3,זכויות יוצרים : 2
בוציע מגדמ,פטנטים : 1
די יזיפ,ראיות אלקטרוניות : 1
- ל,פטנטים : 1
שגוה העיבת,פטנטים : 1
סוס הוורוא,דעות : 1
עדימ יטסיטטס,מדיניות הפרטיות : 1
מדקומ העדוה,מדיניות הפרטיות : 1
הנפ נכ,מדיניות הפרטיות : 1
הרטמ ול,פייסבוק : 1
תינימ פקתוה,ראיות אלקטרוניות : 1
משמ טמריפש,ראיות אלקטרוניות : 1
הקיקח רש,רגולציה וממשל : 2
לוכי רתיא,מדיניות הפרטיות : 1
נורחא ישילש,פייסבוק : 1
) סרפ,שדי תרומות : 1
"תעבות """,פייסבוק : 1
קחצי טפוש,ראיות אלקטרוניות : 1,סדר דין פלילי : 1
עוציב רשק,דעות : 1
הזח משאנ,דעות : 1
"ד""וע ידי",מדיניות הפרטיות : 1
קובסייפש הנולת,פייסבוק : 1
דמאנ תוריש,זכויות יוצרים : 1
נודז עגפ,רגולציה וממשל : 1
רומא רפוכ,פשעי מחשב : 1
בושיי ררוגתה,פייסבוק : 1
תעב עדימ,רגולציה וממשל : 1
יתרבח תשר,פייסבוק : 1
בייח ניא,מדיניות הפרטיות : 1
נופלט ניינע,ראיות אלקטרוניות : 1,סדר דין פלילי : 1
וגול תוכז,זכויות יוצרים : 1
רומח קזנ,מדיניות הפרטיות : 1
נמז בחרנ,ראיות אלקטרוניות : 1
מוסרפ טרפב,דעות : 1
קובסייפ גיאדה,פייסבוק : 1
מלצ הציפ,זכויות יוצרים : 1
אשונ דחא,רגולציה וממשל : 1
אל מינפחרב,פטנטים : 1
רחא הלמ,מדיניות הפרטיות : 1
ההיז רתי,פייסבוק : 1
ידי -,פשעי מחשב : 1,סדר דין פלילי : 1,מדיניות הפרטיות : 1
הנולת נד,פייסבוק : 1
- תויטרפב,ראיות אלקטרוניות : 1
סכנ ואדיו,פטנטים : 1
ינורטקלא תוהדזה,פטנטים : 1
אלפ אל,דעות : 1
קוח ?,דעות : 1
הצובק ער,פייסבוק : 1
תומילא קסע,פייסבוק : 1
הבחרה אמגוד,רגולציה וממשל : 1
רתא עיגה,מדיניות הפרטיות : 1
טפשמ תיב,ראיות אלקטרוניות : 3,פשעי מחשב : 5,פטנטים : 2,סדר דין פלילי : 5,דעות : 1
לעב תעבתנ,פייסבוק : 1,זכויות יוצרים : 1
הלמר רוזא,זכויות יוצרים : 1
שיא יאנותיע,רגולציה וממשל : 1
נגה בחרומ,שדי תרומות : 1
מסרפ תושר,דעות : 1
הייריע שמיש,זכויות יוצרים : 1
כילה מוקימ,ראיות אלקטרוניות : 2
נאשה'ג רסאנ,ראיות אלקטרוניות : 1,סדר דין פלילי : 1
תיב בושיי,פייסבוק : 1
רבד מאתהב,סדר דין פלילי : 1
לוהינ עישרה,פשעי מחשב : 1,סדר דין פלילי : 1
"ח""ש כסב",פשעי מחשב : 1
ירטמויבה עדימ,רגולציה וממשל : 1
לש הייחדל,פשעי מחשב : 1,סדר דין פלילי : 1
פסונ uridnaC,רגולציה וממשל : 1
לש יטרפ,מדיניות הפרטיות : 1
מיוסמ הרקמ,רגולציה וממשל : 1
רש נוילימ,זכויות יוצרים : 1
דוע רחא,מדיניות הפרטיות : 1
נוספלוו הלוח,פשעי מחשב : 1
נמז בשחמ,סדר דין פלילי : 1
"יפסכ ח""וד",זכויות יוצרים : 1
חתיפ מינפ,פייסבוק : 1
ילכ מג,מדיניות הפרטיות : 1
לע ססבתה,פייסבוק : 1
הנידמ בשות,פטנטים : 1
בתכ ליכה,דעות : 1
המזוי הנפ,מדיניות הפרטיות : 1
שמתשה תורשפא,פטנטים : 1
רפוכ מד,פשעי מחשב : 2
לטוהש ),פשעי מחשב : 1,סדר דין פלילי : 1
פקתוה שקיב,ראיות אלקטרוניות : 1
יאנת רפה,זכויות יוצרים : 1
לשממ דיקפ,רגולציה וממשל : 1
- תומימע,דעות : 1
עבתנ הנעט,פייסבוק : 1
רשוי בל,שדי תרומות : 1
לעב ידי,ראיות אלקטרוניות : 1
( מוליצ,זכויות יוצרים : 1
דחה תרגסמ,פשעי מחשב : 1
משאנ בישה,ראיות אלקטרוניות : 1,סדר דין פלילי : 1
פסוא מכסה,דעות : 1
תושר רגאמ,רגולציה וממשל : 1
נמז כילהת,פטנטים : 1
לארשי מלצ,זכויות יוצרים : 1
קספנ ?,ראיות אלקטרוניות : 1
השרפ רשקב,פשעי מחשב : 1
יוקיל הוונ,דעות : 1
שקיב יתוזח,ראיות אלקטרוניות : 1
בשחמ נפ,סדר דין פלילי : 1
רגאמ רבד,דעות : 1
שמיש ילכ,רגולציה וממשל : 1
תימע קחצי,ראיות אלקטרוניות : 1,סדר דין פלילי : 1
רבסה רבד,פטנטים : 1,סדר דין פלילי : 1
לוטיפקה תעבג,סדר דין פלילי : 1
עובק העינמ,זכויות יוצרים : 1
ריבעה עגפנ,סדר דין פלילי : 1
מד ללוכ,פשעי מחשב : 1
היסור יוצמ,ראיות אלקטרוניות : 1
תורשפא נחב,פטנטים : 1
למנ עסונ,רגולציה וממשל : 1
רבכ סוס,דעות : 1
רישכמ בישה,ראיות אלקטרוניות : 1
הפגמ הלע,פטנטים : 1
רצי שקיב,זכויות יוצרים : 1
הליחת יפוריא,פטנטים : 1
"דעונ """,סדר דין פלילי : 1
פסא אל,מדיניות הפרטיות : 1
רתויב הובג,פשעי מחשב : 1
רידגה ניינע,מדיניות הפרטיות : 1
תוינידמ נחב,פייסבוק : 1
לע העדוה,רגולציה וממשל : 1
לע חנומ,רגולציה וממשל : 1
שי נייצ,רגולציה וממשל : 1
יזוחמ ילרדפ,פטנטים : 1
רסמ ככ,פשעי מחשב : 1
"ל""ז רלסכו",זכויות יוצרים : 1
תוריש שמתשה,זכויות יוצרים : 1
שמתשה שומיש,פייסבוק : 1
לע תורעתסה,סדר דין פלילי : 1
תיב נוספלוו,פשעי מחשב : 1
לודג רומא,פשעי מחשב : 1
תוינידמ בר,מדיניות הפרטיות : 1
שמתשמ היווח,זכויות יוצרים : 1
ו OSN,רגולציה וממשל : 1
"- ת""מ",ראיות אלקטרוניות : 1,סדר דין פלילי : 1
עיגה תעב,מדיניות הפרטיות : 1
עבות ינחור,זכויות יוצרים : 1
הטלחה נאכ,דעות : 1
ריכב טפוש,דעות : 1
רסמ אל,מדיניות הפרטיות : 1
) hcetlaC,פטנטים : 1
טפוש תושר,דעות : 1
נעט אשונ,דעות : 1
האירוק מורד,רגולציה וממשל : 1
דרז שיגה,פשעי מחשב : 1,סדר דין פלילי : 1
ננולתה היה,פשעי מחשב : 1
נגינ רשפא,זכויות יוצרים : 1
א /,דעות : 1
לוהינ הוולנ,רגולציה וממשל : 1
חוקל תוהז,דעות : 1
( הדובע,סדר דין פלילי : 1
עדימ היגולונכט,דעות : 1
שמיש מליצ,זכויות יוצרים : 1
( ',סדר דין פלילי : 1
הבוח לטיב,רגולציה וממשל : 1
בבש קסע,פטנטים : 1
נוקית קוח,סדר דין פלילי : 1
שומיש ללוכ,פטנטים : 1
ענמ ימואל,פשעי מחשב : 1
יטרפ לפיט,רגולציה וממשל : 1
יצרא הדיחי,ראיות אלקטרוניות : 1
( נוילע,ראיות אלקטרוניות : 1
הנוש מוסרפ,זכויות יוצרים : 1
עדימ קיפה,מדיניות הפרטיות : 1
עידוה קובסייפ,פייסבוק : 2
טנ ',סדר דין פלילי : 1
רגאמ מושיר,רגולציה וממשל : 2
"ל""אוד תבותכת",פייסבוק : 1
יטרפ תטמשה,זכויות יוצרים : 1
תיב לומתא,ראיות אלקטרוניות : 1
מובלא ההיז,פייסבוק : 1
תושר הקד,דעות : 2
טרפב טפוש,דעות : 1
מש ריבעה,מדיניות הפרטיות : 1
הרטמ טפשמ,פטנטים : 1
ילרדפ טפשמ,פטנטים : 2
שקיב תעבתנ,זכויות יוצרים : 1
טפוש (,ראיות אלקטרוניות : 1
מסרפתה רתא,מדיניות הפרטיות : 1
היה הרידח,ראיות אלקטרוניות : 1,סדר דין פלילי : 1
העצה רבסה,סדר דין פלילי : 1
ידכ צוחנ,מדיניות הפרטיות : 1
מוליצ כרוצל,פטנטים : 1
כלה רשפא,מדיניות הפרטיות : 1
מוליצ מוסרפ,זכויות יוצרים : 1
ש נוזמ,פטנטים : 1
יזוחמ (,דעות : 1
נוגכ הרקמ,פטנטים : 1
סחוי מושיא,פשעי מחשב : 1
טוביבורג דסיי,זכויות יוצרים : 1
חול ),זכויות יוצרים : 1
תיירק מולש,סדר דין פלילי : 1
"לש ל""ז",זכויות יוצרים : 1
עסונ מינפ,רגולציה וממשל : 1
מייתעש הקד,דעות : 1
מוליצ נוישיר,זכויות יוצרים : 1
ינטסיקפ חרזא,פשעי מחשב : 1
שגוה -,דעות : 1
הריצי יטרפ,זכויות יוצרים : 1
""" (",ראיות אלקטרוניות : 1,סדר דין פלילי : 1
ניפצה המסיס,מדיניות הפרטיות : 1
הנש שגוה,פטנטים : 1
קיתע טנרטניא,ראיות אלקטרוניות : 1
( drocsiD,זכויות יוצרים : 1
) רייא,סדר דין פלילי : 1
שוכר פוג,מדיניות הפרטיות : 2
דצ ער,פייסבוק : 1
נוישיר שכר,זכויות יוצרים : 1
קית אלמ,סדר דין פלילי : 1
"ר""וי מוליצ",פייסבוק : 1,זכויות יוצרים : 1
תעבתנ מענ,פייסבוק : 1,זכויות יוצרים : 1
נוכנ נכדע,מדיניות הפרטיות : 1
רתא הזח,דעות : 1
כמסמ תיברמ,פטנטים : 2
רבע עובש,פשעי מחשב : 1,דעות : 1
השיג טלחוה,מדיניות הפרטיות : 1
נמז מש,דעות : 1
פסונב ),מדיניות הפרטיות : 1
ביכר לפא,פטנטים : 1
תע הנש,מדיניות הפרטיות : 1
העדוה יטרפ,מדיניות הפרטיות : 1
תעבתנ ),זכויות יוצרים : 1
רשפא תכרעמ,פטנטים : 1
הדבוע ),ראיות אלקטרוניות : 4,פשעי מחשב : 2,פייסבוק : 4,סדר דין פלילי : 3,זכויות יוצרים : 4
נד רמא,רגולציה וממשל : 1
- -,ראיות אלקטרוניות : 7,פשעי מחשב : 2,סדר דין פלילי : 4
לדגמ הצובק,זכויות יוצרים : 1
רבחתה אל,מדיניות הפרטיות : 1
הנומא העד,דעות : 1
פסונ עדימ,דעות : 1
מצמצ ראש,רגולציה וממשל : 1
מינפחרב שמתשה,פטנטים : 1
נגד תיב,פייסבוק : 2
פקות עצומ,פטנטים : 1
מס רחס,פשעי מחשב : 1
"מ""ע [",ראיות אלקטרוניות : 1
ציפה חוקל,דעות : 1
הנה נעט,דעות : 1
נמז מה,ראיות אלקטרוניות : 1
) רזעילא,פייסבוק : 1
הדעו רבד,רגולציה וממשל : 1
הנכות קפיס,רגולציה וממשל : 1
נוילע הקד,פשעי מחשב : 1,סדר דין פלילי : 1
""" סארגלט",פשעי מחשב : 1
נקויד מוליצ,פייסבוק : 1,זכויות יוצרים : 1
יטרפ הרידח,דעות : 1
דוק רתא,מדיניות הפרטיות : 1
מוסרפ גיצה,פייסבוק : 1
עבות תודבועה,זכויות יוצרים : 2
בכוכ'ל עגנ,דעות : 1
יוהיז חתפ,סדר דין פלילי : 2
פלא הבינג,פשעי מחשב : 2,סדר דין פלילי : 1
חנומ נוכדע,רגולציה וממשל : 1
""" עדימ",רגולציה וממשל : 1,דעות : 3
נפוא ניסח,מדיניות הפרטיות : 1
רתונ תלד,פטנטים : 1
נויע השק,סדר דין פלילי : 1
הקשוה מינפ,פייסבוק : 1
הירא ),זכויות יוצרים : 1
בישה די,ראיות אלקטרוניות : 1
כייש מייפרגוטפירק,פשעי מחשב : 2,סדר דין פלילי : 1
הזכ הרקמב,מדיניות הפרטיות : 1
קלח ביבס,דעות : 1
ססבתהב רתוי,פשעי מחשב : 1
ויתס בא,פייסבוק : 1
מוי עידוה,פייסבוק : 1
- לע,ראיות אלקטרוניות : 1,פשעי מחשב : 1,פטנטים : 1,סדר דין פלילי : 1,מדיניות הפרטיות : 1
הנווכ יא,זכויות יוצרים : 1
תשר שמתשה,רגולציה וממשל : 1
שמתשה תעבתנ,פייסבוק : 1,זכויות יוצרים : 1
גיית רחא,פייסבוק : 1
רפכ מולשת,פשעי מחשב : 1
רזגמ תורחת,פטנטים : 1
הפצ טנרטניא,מדיניות הפרטיות : 1
כישמה ידכ,מדיניות הפרטיות : 1
הוונ },ראיות אלקטרוניות : 1
איצוה ננכת,פשעי מחשב : 1
תכרעמ ביבס,פייסבוק : 1
קית נויע,סדר דין פלילי : 2
דרשמ עבק,פטנטים : 1
יפא רבעשל,ראיות אלקטרוניות : 1,דעות : 1
היאר יוצמ,ראיות אלקטרוניות : 1,סדר דין פלילי : 1
לווה קנע,פייסבוק : 1
מוסרפ רושק,פייסבוק : 1
העינמ וצ,זכויות יוצרים : 1
קתונמ מוסרפ,פייסבוק : 1
; ישילש,מדיניות הפרטיות : 1
ליעפה הצר,מדיניות הפרטיות : 1
הארתה הלבק,פייסבוק : 1
רישכמ נוילימ,פשעי מחשב : 1
לנרו'ג טירטס,פייסבוק : 1
בצמ תואירב,דעות : 1
אל טנרטניא,מדיניות הפרטיות : 1
דצ ניינע,פטנטים : 1
מליצ עבות,פייסבוק : 1,זכויות יוצרים : 3
תעבתנ הנעט,זכויות יוצרים : 1
פוסב פקת,פשעי מחשב : 1
- [,ראיות אלקטרוניות : 3,פשעי מחשב : 2,סדר דין פלילי : 2
כס לע,פשעי מחשב : 1
מסרפ ),דעות : 1
בריס נוילע,פשעי מחשב : 1,סדר דין פלילי : 1
ללכב רומא,רגולציה וממשל : 1
ילאומש הגנ,סדר דין פלילי : 1
מדיק הנש,דעות : 1
nekoT FRSC,מדיניות הפרטיות : 1
לע ול,פטנטים : 1
דרוקסיד רש,זכויות יוצרים : 1
נמז תשר,פייסבוק : 1
בשחמ משאנ,סדר דין פלילי : 2
""" תכרעמ",סדר דין פלילי : 1
הפוצ מש,זכויות יוצרים : 1
ראשנ CTF,פטנטים : 1
יתוזח תודעוויה,ראיות אלקטרוניות : 1
מכסה שי,דעות : 1
נתמ לע,ראיות אלקטרוניות : 1
"תיב """,פייסבוק : 1
שארמ חינה,ראיות אלקטרוניות : 1,סדר דין פלילי : 1
מדא תוישיא,דעות : 1
ההוזמ עדימ,מדיניות הפרטיות : 1
שיגה יללכ,פטנטים : 1
"[ ש""ב",ראיות אלקטרוניות : 1,פשעי מחשב : 1,סדר דין פלילי : 2
ררוע נופלט,ראיות אלקטרוניות : 1,סדר דין פלילי : 1
קלח מלוצ,פייסבוק : 1
תושר תכל,רגולציה וממשל : 1
הדועת רפסמ,דעות : 2
אל בשחמ,מדיניות הפרטיות : 1
הא עדימ,מדיניות הפרטיות : 1
לת -,פשעי מחשב : 1
תוצרא ילרדפ,פטנטים : 1
יוהיז תייגולונכטב,פייסבוק : 1
ריתה נתינ,סדר דין פלילי : 1
noitaicossA llabtooF,דעות : 1
ריתה אל,ראיות אלקטרוניות : 1
שרדנ תכרעמ,פטנטים : 1
רכזוה אל,פייסבוק : 1
העיבת הנעט,סדר דין פלילי : 1
קספ ),ראיות אלקטרוניות : 1
יתוכאלמ ניבה,פטנטים : 1
הרומת יתרקוי,דעות : 1
מסרפ יטרפ,דעות : 1
"סארגלט """,פשעי מחשב : 1
'מיגול'ה (,מדיניות הפרטיות : 1
היגולופרומ קדצ,שדי תרומות : 1
הריכמ זכרמ,פשעי מחשב : 1
יטסיטטס פסאנ,מדיניות הפרטיות : 1
הריצי לחר,זכויות יוצרים : 1
ילטיגיד הצפה,זכויות יוצרים : 1
( הינרופילק,פטנטים : 1
דסיי נלרמא,זכויות יוצרים : 1
תוכז הרפה,פייסבוק : 1,זכויות יוצרים : 3
תיבשה ננכת,פייסבוק : 1
קוח רדגומ,דעות : 1
המושת כשמ,זכויות יוצרים : 1
ריכזה ינענצ,דעות : 1
תעגפנ ריתה,סדר דין פלילי : 1
רתא רוקיב,מדיניות הפרטיות : 1
"הנש ב""הרא",פטנטים : 1
קסע שכר,זכויות יוצרים : 1
עבק הינרופילק,פטנטים : 1
סדה -,ראיות אלקטרוניות : 1
יוליג רבע,דעות : 1
תיב הטלחה,פטנטים : 1
עשרוה משאנ,פשעי מחשב : 1,סדר דין פלילי : 1
noisseS -,מדיניות הפרטיות : 1
") """,רגולציה וממשל : 1,ראיות אלקטרוניות : 1,סדר דין פלילי : 1
דרשמ מסרפ,פטנטים : 2
"תורש """,זכויות יוצרים : 1
רשק הרישק,דעות : 1
קקחנ תשר,רגולציה וממשל : 1
יפוריא טנטפ,פטנטים : 1
ככ ירוקמ,ראיות אלקטרוניות : 1
""" ניזגמ",פייסבוק : 1,זכויות יוצרים : 1
שנוע פסונב,פשעי מחשב : 1
הנקה דעונ,סדר דין פלילי : 1
הזח לאכימ,דעות : 1
- הרקמ,מדיניות הפרטיות : 1
נוקית תרטמ,פטנטים : 2
ול עייס,פשעי מחשב : 1
הייגוס הנושארל,ראיות אלקטרוניות : 1
כרד ול,פשעי מחשב : 1
נחב ידכ,רגולציה וממשל : 1
ינולפ dtL,דעות : 1
"דרז ח""ש",פשעי מחשב : 1
טאיח ילאילחנ,זכויות יוצרים : 1
מיא יוהיז,רגולציה וממשל : 1
רסמ המזוי,מדיניות הפרטיות : 1
הטלחה הטויט,פייסבוק : 1
הבוח עדימ,מדיניות הפרטיות : 1
סרפ מש,שדי תרומות : 1
ניד טידרק,זכויות יוצרים : 1
הרשכה ילכלכ,דעות : 1
נוקית יטרפ,רגולציה וממשל : 2
תיב העש,פשעי מחשב : 1
נפדפד liocwal,מדיניות הפרטיות : 1
ול סחיי,ראיות אלקטרוניות : 1,סדר דין פלילי : 1
הרטמ -,רגולציה וממשל : 1
"הנקת ש""מהיב",סדר דין פלילי : 1
הנומת גיצה,פייסבוק : 1
רבד הפ,פטנטים : 1
אל תורחת,פטנטים : 1
הלבק שמתשמ,פייסבוק : 1
מג כשמה,פשעי מחשב : 1
רוטפ הנהנ,דעות : 1
ירוזימ הנידמ,פטנטים : 1
( רויצ,זכויות יוצרים : 1
לקה הנקת,פטנטים : 1
העיבת שיגה,פייסבוק : 1
עייס יביטקפא,סדר דין פלילי : 1
יתונמא הריצי,זכויות יוצרים : 1
רבמצד שדוח,פייסבוק : 1
לע טנטפ,פטנטים : 1
נמז דודיח,רגולציה וממשל : 1
יאדכ (,מדיניות הפרטיות : 1
הנוש כרד,פשעי מחשב : 1
נקית די,מדיניות הפרטיות : 1
רזגמ הרבח,רגולציה וממשל : 1
קתיש נורחא,פשעי מחשב : 1
רבד בשחמ,דעות : 1
גוס היגוע,מדיניות הפרטיות : 1
מליש הרבח,פטנטים : 1
( תוכז,זכויות יוצרים : 1
הנש שולש,סדר דין פלילי : 1
eugaeL reimerP,דעות : 1
תלד הפירש,פטנטים : 1
ב נקתוה,זכויות יוצרים : 1
הרבח ריבעה,רגולציה וממשל : 1
תושרה נווקמ,פטנטים : 1
נמיס טנטפ,פטנטים : 2
צרפ ',דעות : 1
לופיט הלשממ,רגולציה וממשל : 1
""" שיגר",רגולציה וממשל : 1
) רז,רגולציה וממשל : 1
ממש ללוכ,ראיות אלקטרוניות : 1,סדר דין פלילי : 1
עבות ניל,פייסבוק : 1
תושרהתושרל הפיכא,רגולציה וממשל : 1
טנרטניא תורכיה,דעות : 1
) קית,סדר דין פלילי : 1
יואר תוניגה,דעות : 1
הרואכל הוונ,דעות : 1
נכתנ אל,ראיות אלקטרוניות : 1
שומיש כות,רגולציה וממשל : 1
עדימ קיזחה,רגולציה וממשל : 1
מוסרפ ול,זכויות יוצרים : 1
הטויט יניס,רגולציה וממשל : 1
רישכמ elppA,פטנטים : 1
ילרדפ רחסה,פטנטים : 1
נטק העיבת,זכויות יוצרים : 1
נמיה איג,פייסבוק : 1
נגה ליגר,שדי תרומות : 1
תושר הנוש,פטנטים : 1
רשוא הנש,פטנטים : 1
הרבח מסרפ,זכויות יוצרים : 1
הרבח ),פטנטים : 1
רתע ריבעה,סדר דין פלילי : 1
הובג –,פשעי מחשב : 1
שומיש תעב,דעות : 1
{ רתומ,דעות : 1
( עדימ,רגולציה וממשל : 1,דעות : 1,מדיניות הפרטיות : 1
ננכת משאנ,פשעי מחשב : 1
בשחמברתאה תוליעפ,מדיניות הפרטיות : 1
יעיבר מוי,פשעי מחשב : 1
קיזחה טנרטניא,רגולציה וממשל : 1
ללוכ היגולונכט,פטנטים : 1
וגודרב לארשי,זכויות יוצרים : 1
- מ,פשעי מחשב : 1,פטנטים : 1,דעות : 2
הרבע תובישח,דעות : 1
נותנ תויה,דעות : 1
תוהמ הניש,פשעי מחשב : 1
חותינ כרצ,מדיניות הפרטיות : 1
דבוע דחה,פשעי מחשב : 1
שקיב תודע,ראיות אלקטרוניות : 1
המלצמ מימוליצ,סדר דין פלילי : 1
טירטס לווה,פייסבוק : 1
ניבה השק,דעות : 1
ניד כרוע,רגולציה וממשל : 1,ראיות אלקטרוניות : 2,פשעי מחשב : 1,פייסבוק : 1,פטנטים : 1,סדר דין פלילי : 1,זכויות יוצרים : 1,דעות : 2,מדיניות הפרטיות : 1
שומיש פקיה,זכויות יוצרים : 1
לוכי יגולונכט,מדיניות הפרטיות : 1
הפקתמ הקד,פשעי מחשב : 1
לע ניוקטיב,פשעי מחשב : 1
טפשמ שיא,רגולציה וממשל : 1,ראיות אלקטרוניות : 1,פשעי מחשב : 1,פייסבוק : 1,פטנטים : 1,סדר דין פלילי : 1,זכויות יוצרים : 1,דעות : 1,מדיניות הפרטיות : 1
הלעמל רועיש,פטנטים : 1
תעבתנ הקד,זכויות יוצרים : 1
נמז הדע,פטנטים : 1
דיינה נופלט,ראיות אלקטרוניות : 1,סדר דין פלילי : 1
היצקילפא בוציע,זכויות יוצרים : 1
אאלע טפוש,ראיות אלקטרוניות : 1
טוביבורגהלש שומיש,זכויות יוצרים : 1
הרבח הרוה,פטנטים : 1
- רזחוש,ראיות אלקטרוניות : 1
עשרוה רסאמ,פשעי מחשב : 1,סדר דין פלילי : 1
ננולתה הצפ,פשעי מחשב : 1
תוליעפ לע,מדיניות הפרטיות : 1
הפיח יזוחמ,ראיות אלקטרוניות : 2,סדר דין פלילי : 1
ידכ ביצה,מדיניות הפרטיות : 1
הדועת תוהדזה,פטנטים : 2
האצמה איצמה,פטנטים : 1
בתכ שגוה,ראיות אלקטרוניות : 2,סדר דין פלילי : 2
כרעמ שומיש,דעות : 1
מימדומה יבבש,פטנטים : 1
דע תאזו,פשעי מחשב : 1,סדר דין פלילי : 1
] -,ראיות אלקטרוניות : 5,פשעי מחשב : 2,סדר דין פלילי : 3
נויע (,סדר דין פלילי : 1
רמוח מוסרפ,דעות : 1
תשמתשמהדקוממ מוסרפ,פייסבוק : 1
מאתהב לעפ,פייסבוק : 1
עוצקמ מליצ,זכויות יוצרים : 1
הרוה ילארדפ,סדר דין פלילי : 1
קינבויטוי בל,זכויות יוצרים : 1
העיבת -,פטנטים : 1
נבומכ לוכי,מדיניות הפרטיות : 1
כרד ניא,דעות : 1
( סרפ,שדי תרומות : 1
פוג רומח,מדיניות הפרטיות : 1
רוגינס בשחמ,סדר דין פלילי : 1
שומיש תיבשה,פייסבוק : 1
רתא הפצ,מדיניות הפרטיות : 1
בקעי נמא,זכויות יוצרים : 1
נוילע טפשמ,ראיות אלקטרוניות : 1,פשעי מחשב : 1,סדר דין פלילי : 1
בשות דרז,פשעי מחשב : 2,סדר דין פלילי : 1
פוגה ),פטנטים : 1
ישילש דצ,זכויות יוצרים : 1,מדיניות הפרטיות : 2
תעבות נעט,פייסבוק : 1
( מליצ,פייסבוק : 1,זכויות יוצרים : 1
שמתשה שופיח,מדיניות הפרטיות : 1
קסע להינ,זכויות יוצרים : 1
"האשרה """,פייסבוק : 1,זכויות יוצרים : 1
הדובע הצובק,מדיניות הפרטיות : 1
העש עובשה,פשעי מחשב : 1
רישכמ טנטפ,פטנטים : 1
דוע הנומת,פייסבוק : 1
תיב רוכז,פשעי מחשב : 1,סדר דין פלילי : 1
הנומת נוילימ,רגולציה וממשל : 1
( יתוהמ,ראיות אלקטרוניות : 1,סדר דין פלילי : 1
חיטבה ככ,רגולציה וממשל : 1
שדוח פוסב,זכויות יוצרים : 1
תוניגה ריבס,דעות : 1
עדימ נייע,מדיניות הפרטיות : 1
ליכה העיבת,סדר דין פלילי : 1
ההיז דבלב,מדיניות הפרטיות : 1
אל הייריע,זכויות יוצרים : 1
""" רמסמ",ראיות אלקטרוניות : 1,סדר דין פלילי : 1
כרעמ רסמנ,פשעי מחשב : 1
לש מינפ,פייסבוק : 1
יתוכאלמ תכרעמ,רגולציה וממשל : 1
הדוקפ עובק,סדר דין פלילי : 1
בר מייח,מדיניות הפרטיות : 1
רסאנ טפוש,ראיות אלקטרוניות : 1,סדר דין פלילי : 1
לטיב ילבמ,רגולציה וממשל : 1
היגולונכט רשפא,פייסבוק : 1
תוהדזה שרד,פטנטים : 1
כלהמ חרזא,פייסבוק : 1
היה נתינ,פטנטים : 2
יוליג הייגוס,ראיות אלקטרוניות : 1
רתא רבחתה,מדיניות הפרטיות : 1
תרטמ מיטפשמה,פטנטים : 1
המסיס ינורטקלא,מדיניות הפרטיות : 1
נמז רשק,זכויות יוצרים : 1
"מייח ד""וע",מדיניות הפרטיות : 1
הנורוקה הפגמ,פטנטים : 1
הרבח דבע,פשעי מחשב : 1
אשונ קובסייפ,פייסבוק : 1
עבתנ נעט,זכויות יוצרים : 1
( בישמ,ראיות אלקטרוניות : 1
דמעמ מדא,דעות : 1
מוסרפ עקר,דעות : 1
פס יאנת,רגולציה וממשל : 1
קוח חנומ,רגולציה וממשל : 1
רבעוה ירטמויבה,רגולציה וממשל : 1
הריצי רחסמ,ראיות אלקטרוניות : 1
הרטשמ הקד,ראיות אלקטרוניות : 1,סדר דין פלילי : 1
מוסרפ רכזוה,פייסבוק : 1
הרטשמ ננולתה,ראיות אלקטרוניות : 1,סדר דין פלילי : 1
kaerFtnerroT -,דעות : 1
ריבעה טפשמ,רגולציה וממשל : 1
מינפ הנומת,רגולציה וממשל : 1,דעות : 1
תירבה -,רגולציה וממשל : 1,פשעי מחשב : 1,פטנטים : 1
לביק רתע,ראיות אלקטרוניות : 1,סדר דין פלילי : 2
אוב הארתה,מדיניות הפרטיות : 1
המכסה נוצר,מדיניות הפרטיות : 1
רתע הרטשמ,ראיות אלקטרוניות : 1,סדר דין פלילי : 1
מש ככ,זכויות יוצרים : 1
מכסה לע,פייסבוק : 1
הרישק מויא,דעות : 1
קובסייפה דומעו,פייסבוק : 1,זכויות יוצרים : 1
יטרפ רזגמ,רגולציה וממשל : 1
הריבע ול,סדר דין פלילי : 1
תופקתמ עונמל,מדיניות הפרטיות : 1
מויכ תושרה,פטנטים : 1
לע הנגהלו,פטנטים : 1
בריס נופלט,ראיות אלקטרוניות : 1,סדר דין פלילי : 1
הנהנ ינורטקלא,דעות : 1
תכרעמ קית,סדר דין פלילי : 1
מיירטמויב עצמא,רגולציה וממשל : 1
דרשמ השקב,סדר דין פלילי : 1
ער ננש,פייסבוק : 3
- ב,ראיות אלקטרוניות : 1,סדר דין פלילי : 1,זכויות יוצרים : 1
דמל נתינ,פייסבוק : 1
ניא עקפ,מדיניות הפרטיות : 1
ניינע הרהצה,פטנטים : 1
תויה הנש,ראיות אלקטרוניות : 1
יטרפ הנגה,רגולציה וממשל : 6,דעות : 3,מדיניות הפרטיות : 1
עובש מסרפ,דעות : 1
( רקח,ראיות אלקטרוניות : 1
תעב מלוצ,פייסבוק : 1
צליא הלוח,פשעי מחשב : 1
חטבא ניינעל,רגולציה וממשל : 1
דבוע יאמדקא,רגולציה וממשל : 1
עבק ככ,פייסבוק : 1,פטנטים : 1
/ א,דעות : 1
הרקמ הארתה,פטנטים : 1
ראוד הבותכ,דעות : 1,מדיניות הפרטיות : 1
בשחמ כרעמ,דעות : 1
פסוא קלח,זכויות יוצרים : 1
תעבתנ נעט,פייסבוק : 1,זכויות יוצרים : 2
מהיב עדימ,ראיות אלקטרוניות : 1
החכוה לוהינ,פשעי מחשב : 1,סדר דין פלילי : 1
[ הפיח,ראיות אלקטרוניות : 2,סדר דין פלילי : 1
החד נוילע,פשעי מחשב : 1,סדר דין פלילי : 1
"רדגומ """,דעות : 1
בינה טפוש,זכויות יוצרים : 1
דומע נה,פייסבוק : 1,זכויות יוצרים : 1
noisseS גוס,מדיניות הפרטיות : 1
שמתשמ לע,מדיניות הפרטיות : 1
יטרפ גהונ,פייסבוק : 1
הריקח יצרא,ראיות אלקטרוניות : 1
נחלוש לע,רגולציה וממשל : 1
קובסייפה הצובק,פייסבוק : 1
הנש ניב,פטנטים : 1
( יחרזא,ראיות אלקטרוניות : 1
מייקתה מס,פשעי מחשב : 1
לוכשא דרמ,פייסבוק : 1,זכויות יוצרים : 1
טוביבורג הקד,זכויות יוצרים : 1
בחרומ היגולופרומ,שדי תרומות : 1
קובסייפב מוסרפ,פייסבוק : 1
נוג -,דעות : 1
הבוג סנק,פשעי מחשב : 1
רערע ],פשעי מחשב : 1
תולקב גיית,פייסבוק : 1
טפוש הלמר,זכויות יוצרים : 1
ניב תשר,דעות : 1
קסע העיבת,פטנטים : 1
אאלע טפושה,ראיות אלקטרוניות : 1
llabtooF ehT,דעות : 1
"יכ הטלחהה""",פטנטים : 1
רתוי לודג,פשעי מחשב : 1
' לדגמ,זכויות יוצרים : 1
"ת""מ ;",ראיות אלקטרוניות : 1,סדר דין פלילי : 1
אלמ השיג,סדר דין פלילי : 1
רתי ניב,רגולציה וממשל : 1,פייסבוק : 1
[ תליא,פשעי מחשב : 1
הרקמ ),מדיניות הפרטיות : 1
נמז נעט,זכויות יוצרים : 1
מליש רסאמ,פשעי מחשב : 1
ללכ הווקמ,פטנטים : 1
נוכדע האר,מדיניות הפרטיות : 1
יתלב הרידח,מדיניות הפרטיות : 1
שקיב שדח,דעות : 1
המרופטלפ (,זכויות יוצרים : 1
ישיא דמעמ,דעות : 1
פקות קוח,רגולציה וממשל : 1
ככ (,מדיניות הפרטיות : 1
נתינ פקות,פטנטים : 1
תוכז רצוי,זכויות יוצרים : 1
דודיח כרוצ,רגולציה וממשל : 1
העיבת עבתנ,פייסבוק : 1
הציפ הפיח,זכויות יוצרים : 1
ני היה,מדיניות הפרטיות : 1
הרקמ נתנ,רגולציה וממשל : 1
חא עבות,זכויות יוצרים : 1
נמז שקומ,דעות : 1
דרשמ מיקה,פייסבוק : 1
ימוקמ הצעומ,פייסבוק : 1
מג ללכ,מדיניות הפרטיות : 1
מוצמצ ),רגולציה וממשל : 1
יוהיז תינבת,פייסבוק : 1
תרושקת הרבח,פשעי מחשב : 2
מסרפ רשק,זכויות יוצרים : 1
תוחפ האירק,רגולציה וממשל : 4,ראיות אלקטרוניות : 1,פשעי מחשב : 4,פייסבוק : 1,פטנטים : 7,סדר דין פלילי : 1,זכויות יוצרים : 1
דחא יטרפ,רגולציה וממשל : 1
אל דחא,מדיניות הפרטיות : 1
אל טלחוה,מדיניות הפרטיות : 1
כרוע הקד,פייסבוק : 1,פטנטים : 1,זכויות יוצרים : 1
מג יוטיב,פייסבוק : 1
רתא נה,פייסבוק : 1,זכויות יוצרים : 1
הסינכ ינורטקלא,פטנטים : 1
דיקפת ריכב,דעות : 1
תכרעמ תונורקע,מדיניות הפרטיות : 1
הרבח וצ,ראיות אלקטרוניות : 2
פייט האנוה,ראיות אלקטרוניות : 1
( הטלחה,ראיות אלקטרוניות : 1,סדר דין פלילי : 1
תואירב בצמ,דעות : 1
עדימ רתא,מדיניות הפרטיות : 1
נמז מושיר,פטנטים : 1
מס רחוס,פשעי מחשב : 1
נקתוה טוביבורגו,זכויות יוצרים : 1
ידע טפוש,זכויות יוצרים : 1
ככ הרטמ,פייסבוק : 1
רסמ מדא,ראיות אלקטרוניות : 1
יוציפ העיבת,זכויות יוצרים : 1
תויוכז ורפה,פטנטים : 1
האירק נמז,רגולציה וממשל : 7,ראיות אלקטרוניות : 7,פשעי מחשב : 7,פייסבוק : 7,פטנטים : 7,סדר דין פלילי : 7,זכויות יוצרים : 7,דעות : 7
דרז לע,פשעי מחשב : 1,סדר דין פלילי : 1
- ],סדר דין פלילי : 1
רסמ בריס,ראיות אלקטרוניות : 1,סדר דין פלילי : 1
נמז עבטמ,פשעי מחשב : 1
השרוה -,מדיניות הפרטיות : 2
תיב הקד,ראיות אלקטרוניות : 1,פשעי מחשב : 3,סדר דין פלילי : 2
תיב ליטה,פשעי מחשב : 1,סדר דין פלילי : 1
רעס נועדג,רגולציה וממשל : 1,פייסבוק : 1
אצוי סנכנ,רגולציה וממשל : 1
"ש""מהיב ספת",ראיות אלקטרוניות : 1,סדר דין פלילי : 1
רחסמ טנרטניא,דעות : 1
נומושייה מס,פשעי מחשב : 1
הקיקח הטויט,פטנטים : 1
הרטשמ ניצק,פייסבוק : 1
רבח הקד,פטנטים : 1
הצפה המרופטלפ,זכויות יוצרים : 1
היגולונכט הרבח,פטנטים : 1
עדימ ריבעה,מדיניות הפרטיות : 1
הדעו הקד,רגולציה וממשל : 2
""" נותיע",פייסבוק : 1,זכויות יוצרים : 1
תקולחמ ;,מדיניות הפרטיות : 1
שי הדבוע,ראיות אלקטרוניות : 1
נוקית הרטמ,רגולציה וממשל : 1
"שפיח """,זכויות יוצרים : 1
שקומ רבעמ,דעות : 1
רידגה לוכי,מדיניות הפרטיות : 1
הפי ללה,פשעי מחשב : 2
טנרטניא עדימ,מדיניות הפרטיות : 1
לטוה רערע,פשעי מחשב : 1
מש רודיש,דעות : 1
נושל ידגנ,פייסבוק : 1
מיתעל רתא,מדיניות הפרטיות : 1
כילה השירד,מדיניות הפרטיות : 1
קסע ננולתה,פשעי מחשב : 1
אב רבכש,פייסבוק : 1
רומח העישפ,סדר דין פלילי : 1
לע נכ,פייסבוק : 1
משיי האיגש,מדיניות הפרטיות : 1
ניא הקד,ראיות אלקטרוניות : 1,סדר דין פלילי : 1,דעות : 1
רמסמ עבק,ראיות אלקטרוניות : 1,סדר דין פלילי : 1
מסרופ קלח,פייסבוק : 1
יטסיטטס עדימ,מדיניות הפרטיות : 1
כייש -,ראיות אלקטרוניות : 1
אל -,רגולציה וממשל : 1,מדיניות הפרטיות : 2
וליפא לש,מדיניות הפרטיות : 1
( ecnerefnoC,ראיות אלקטרוניות : 1
טרפ ישילש,מדיניות הפרטיות : 1
דרזא תשקב,פשעי מחשב : 1,סדר דין פלילי : 1
שקיב ביוח,פייסבוק : 1
עובש רדח,פשעי מחשב : 1
מיברב ציפה,דעות : 1
העדוה מיוסמ,רגולציה וממשל : 1
הרזחה ררוע,ראיות אלקטרוניות : 1,סדר דין פלילי : 1
לג הכה,דעות : 1
תונורקע משוי,מדיניות הפרטיות : 1
הנקת עצומ,פטנטים : 1
לע נגמ,דעות : 1
משאנ ביצהל,סדר דין פלילי : 1
הנש רוא,פשעי מחשב : 1
"ת""ה [",ראיות אלקטרוניות : 1,סדר דין פלילי : 1
יוהיז רשפא,רגולציה וממשל : 1
) נימי,זכויות יוצרים : 1
רמא הקיקח,רגולציה וממשל : 1
ניב מדוק,רגולציה וממשל : 1
שמתשה שיגה,פייסבוק : 1
לע לקה,פטנטים : 2
מיטפשמה דרשמ,פטנטים : 1,סדר דין פלילי : 1
רזג עבש,פשעי מחשב : 2,סדר דין פלילי : 1
רלוד נוילימ,פשעי מחשב : 1
יוציפ הטיסרבינוא,פטנטים : 1
פקיה דרוקסיד,זכויות יוצרים : 1
משוי רתא,מדיניות הפרטיות : 1
נוקית ב,רגולציה וממשל : 1
הענצ ישיא,דעות : 1
קנע ריקחת,פייסבוק : 1
רוסא -,דעות : 1
ניס דעי,רגולציה וממשל : 1
לע רבייס,פשעי מחשב : 1
נכות סדנהמ,פשעי מחשב : 1
רשפא יטרפ,מדיניות הפרטיות : 1
ב תודע,ראיות אלקטרוניות : 1
"עבתנ ת""פ",זכויות יוצרים : 1
ררע תודבועה,ראיות אלקטרוניות : 1,סדר דין פלילי : 1
עבות מש,פייסבוק : 1
יפא -,ראיות אלקטרוניות : 1
אל ידכ,מדיניות הפרטיות : 1
נופלט רמוח,דעות : 1
לוקיש ליעפה,מדיניות הפרטיות : 1
נפ יוהיז,סדר דין פלילי : 1
די לבקתה,מדיניות הפרטיות : 1
הקיטקרפ יכ,פטנטים : 1
אל היגועה,מדיניות הפרטיות : 1
ער נושל,פייסבוק : 2
המסיס שמתשה,מדיניות הפרטיות : 1
לעפוה liocwal,מדיניות הפרטיות : 1
מג אוה,מדיניות הפרטיות : 1
קסע שיא,רגולציה וממשל : 1
הרטשמ הנקה,סדר דין פלילי : 1
מושיא הדוה,פשעי מחשב : 1
רתא שומיש,מדיניות הפרטיות : 1
השיג לביק,סדר דין פלילי : 1
גיאדה תולהנתה,פייסבוק : 1
ול רצי,פייסבוק : 1,זכויות יוצרים : 2
העדומ עבות,זכויות יוצרים : 1
מסרפ ppAstahW,פייסבוק : 2
טנרטניא רתא,רגולציה וממשל : 1,ראיות אלקטרוניות : 1,דעות : 1
רמש הזכ,מדיניות הפרטיות : 1
ניע טלב,דעות : 1
תעב נוכדע,מדיניות הפרטיות : 1
שמתשה רז,רגולציה וממשל : 1
קובסייפב מסרופ,פייסבוק : 1
כרע ריקחת,פשעי מחשב : 1
ניזגמ לעב,פייסבוק : 1,זכויות יוצרים : 1
טפושהתורעתסהה נמז,סדר דין פלילי : 1
( mocdaorB,פטנטים : 1
נמז מסרפ,דעות : 1
סנכוה ורידנאקו,רגולציה וממשל : 1
קלח הדובע,מדיניות הפרטיות : 1
( רזחש,מדיניות הפרטיות : 1
תרטמ בוציע,פטנטים : 1
קסע הדעו,רגולציה וממשל : 1
אל מוסרפ,פייסבוק : 2
עידוה טוביבורג,זכויות יוצרים : 1
חתפ הנשה,סדר דין פלילי : 1
נגוה שומיש,דעות : 1
רזענ טפשמ,רגולציה וממשל : 1,ראיות אלקטרוניות : 1,פשעי מחשב : 1,פייסבוק : 1,פטנטים : 1,סדר דין פלילי : 1,זכויות יוצרים : 1,דעות : 1,מדיניות הפרטיות : 1
תוישיא לע,דעות : 1
עונמ עיגה,מדיניות הפרטיות : 1
תוהדזה שרדנ,פטנטים : 2
"ש""מהיב ידי",פשעי מחשב : 1,סדר דין פלילי : 1
דבוע רוסא,דעות : 1
בושח נוחצינ,פטנטים : 1
קחמנ מהיב,ראיות אלקטרוניות : 1
פקיה רבח,פשעי מחשב : 1
תייגולונכט בורק,פייסבוק : 1
רשפא טוביבורגהלש,זכויות יוצרים : 1
תיב הנקת,סדר דין פלילי : 1
משאנ שבח,סדר דין פלילי : 1
נמז תעבתנ,זכויות יוצרים : 1
ה תווצ,פטנטים : 1
הדובע ניד,סדר דין פלילי : 1
רבד נורחא,רגולציה וממשל : 1
פיסוה עדימ,רגולציה וממשל : 1
רדח הפי,פשעי מחשב : 1
ניא דוע,דעות : 1
רוקיב רפסמ,מדיניות הפרטיות : 1
קיחרה הפיכא,רגולציה וממשל : 1
- מייתעש,דעות : 1
) יזוחמ,דעות : 1
עבק ילבמ,ראיות אלקטרוניות : 1,סדר דין פלילי : 1
רוטלוגר מסרפ,רגולציה וממשל : 1
לבקתה -,מדיניות הפרטיות : 1
תיב טפוש,פשעי מחשב : 1
יפקתה רבייס,רגולציה וממשל : 1
ררועתה הריד,פייסבוק : 1
ניינע לנרו'ג,פייסבוק : 1
אלמ הנומת,פייסבוק : 1
ניינע רקיע,דעות : 1
ככ לש,ראיות אלקטרוניות : 1
סנק לעופב,פשעי מחשב : 1,סדר דין פלילי : 1
טסופ קובסייפב,פייסבוק : 1
הנש חוויד,דעות : 1
T&TA תרושקת,פשעי מחשב : 1
הריצי הרבח,רגולציה וממשל : 1
תרצות מימדומה,פטנטים : 1
( שנוע,פשעי מחשב : 1,סדר דין פלילי : 1
ניד דגונ,דעות : 1
רבס ;,מדיניות הפרטיות : 1
רמוח פשחנ,דעות : 1
קפיס כישמה,מדיניות הפרטיות : 1
נימ הריבע,ראיות אלקטרוניות : 1,סדר דין פלילי : 1
לעופב רסאמ,פשעי מחשב : 3,סדר דין פלילי : 2
נוילימ כס,פשעי מחשב : 1
כמסומ נמייקתהבש,סדר דין פלילי : 1
נמייקתהבש -,סדר דין פלילי : 1
- תוצרא,רגולציה וממשל : 1,פשעי מחשב : 1,פטנטים : 1
ניע הבינג,זכויות יוצרים : 1
ררוע השקב,ראיות אלקטרוניות : 1,סדר דין פלילי : 1
ררוע ניד,ראיות אלקטרוניות : 1,סדר דין פלילי : 1
ינורקע נפוא,פייסבוק : 1
נוילימ הבוג,פשעי מחשב : 1
רידסה הרטמ,פטנטים : 1
הילע ליטה,פייסבוק : 1
עשרוה תליא,פשעי מחשב : 1
עבתנ בושיי,פייסבוק : 1
חתמ טסופ,פייסבוק : 1
טפוש תג,סדר דין פלילי : 1
עדי רזענ,רגולציה וממשל : 1,ראיות אלקטרוניות : 1,פשעי מחשב : 1,פייסבוק : 1,פטנטים : 1,סדר דין פלילי : 1,זכויות יוצרים : 1,דעות : 1,מדיניות הפרטיות : 1
העדומ קיתע,זכויות יוצרים : 1
שרדנ נווקמ,פטנטים : 1
המכסה שקיב,פייסבוק : 1
תרש הקיסומ,זכויות יוצרים : 1
נמא ירסומ,זכויות יוצרים : 1
"היה """,רגולציה וממשל : 1
רתא בושמ,מדיניות הפרטיות : 1
טטיצ (,דעות : 1
רתיא מושיר,מדיניות הפרטיות : 1
לע נתינ,דעות : 1
פוסיא פס,רגולציה וממשל : 1
הגנ טפוש,סדר דין פלילי : 1
וצ יוציפ,זכויות יוצרים : 1
היעט ניע,זכויות יוצרים : 1
לביק ילבמ,רגולציה וממשל : 1
} 'חאו,ראיות אלקטרוניות : 1,דעות : 1
העישפ לופיט,סדר דין פלילי : 1
טרפ ריבעה,מדיניות הפרטיות : 1
נקית שקיב,סדר דין פלילי : 1
( רבעוה,רגולציה וממשל : 1
איצמה רש,פטנטים : 1
מצמצ עדימ,מדיניות הפרטיות : 1
עגפ ידכ,רגולציה וממשל : 1
תוריש הקפסא,פטנטים : 1
רמשנ ניא,מדיניות הפרטיות : 1
נמז משאנ,סדר דין פלילי : 1
דרשמ רסמ,פשעי מחשב : 1
תשר פלד,דעות : 1
פסונב נוילימ,פשעי מחשב : 1
רקחמ חותינ,מדיניות הפרטיות : 1
הניא הרטשמ,ראיות אלקטרוניות : 1,סדר דין פלילי : 1
הסינכ ליבקמב,רגולציה וממשל : 1
רישכמ ריזחה,ראיות אלקטרוניות : 4,סדר דין פלילי : 1
תונקתה הנורוקה,פטנטים : 1
חותינ יוהיז,רגולציה וממשל : 1
